item_group,ingredient_code,sku,ingredient_name,unit,unit_price,cooking_yield_percent,calories_per_100g,allergens,package_base_quantity,package_base_unit,package_parse_source
BAKERY,182376,182376,A-TAFGA ORIENT GARDEN BAKING SODA 12/12Z,EA,9.022948,100,120,none,0.34019428,kg,item_name_package
BAKERY,230797,230797,A-TAFGA SB PUFF PASTRY SQUARE 18/400G,EA,6.450004,100,120,none,0.4,kg,item_name_package
BAKERY,272674,272674,FONTE BREAD CRUMBS 1/500G,EA,4.5,100,364,wheat,0.5,kg,item_name_package
BAKERY,BK000001,BK000001,SLICED BREAD WHITE,PAK,2.7,100,250,none,,,
BAKERY,BK000002,BK000002,SLICED BREAD BROWN,PAK,3.25,100,250,none,,,
BAKERY,BK000003,BK000003,LUSINE BURGER BUN PLAIN,PAK,0,100,250,none,,,
BAKERY,BK000004,BK000004,ARABIC BREAD WHITE,PAK,0.95,100,250,none,,,
BAKERY,BK000005,BK000005,ARABIC BREAD BROWN,PAK,0.95,100,250,none,,,
BEVERAGES,224894,224894,(TAFGA) NOVA WATER 24/0.55-0.6LTR,EA,0.641667,100,120,none,0.55,l,item_name_package
BEVERAGES,224895,224895,TAFGA NOVA WATER 40/0.33LTR,EA,0.403018,100,120,none,0.33,l,item_name_package
BEVERAGES,345557,345557,BERAIN MINERAL WATER 2/12LTR,EA,5,100,120,none,12,l,item_name_package
BEVERAGES,379401,379401,TFG AL RABIE APPLE JUCIE 8/1LTR,EA,4.365,100,120,none,1,l,item_name_package
BEVERAGES,379403,379403,TFG AL RABIE FRT C/TAIL JUCIE 8/1LTR,EA,5.87535,100,120,none,1,l,item_name_package
BEVERAGES,379404,379404,TFG AL RABIE MANGO JUCIE 8/1LTR,EA,5.867927,100,120,none,1,l,item_name_package
BEVERAGES,379405,379405,TFG AL RABIE ORANGE JUCIE 8/1LTR,EA,4.6075,100,120,none,1,l,item_name_package
BEVERAGES,BR000097,BR000097,BERAIN WATER BOTTLE 40/330ML,EA,0.225,100,120,none,0.33,l,item_name_package
BEVERAGES,BR000106,BR000106,COCA COLA CAN 30/250ML,EA,1.446333,100,120,none,0.25,l,item_name_package
BEVERAGES,BR000107,BR000107,COCA COLA LT CAN 30/250ML,EA,1.446333,100,120,none,0.25,l,item_name_package
BEVERAGES,BR000109,BR000109,SPRITE CAN 30/250ML,EA,1.446333,100,120,none,0.25,l,item_name_package
BEVERAGES,BR000280,BR000280,NESTLE WATER 42/330ML,EA,0,100,0,none,0.33,l,item_name_package
BEVERAGES,BR000346,BR000346,KINZA CITRUS 30/250ML,EA,1.043333,100,120,none,0.25,l,item_name_package
BEVERAGES,BR000347,BR000347,KINZA ORANGE 30/250ML,EA,1.043333,100,120,none,0.25,l,item_name_package
BEVERAGES,BR000349,BR000349,KINZA LEMON 30/250ML,EA,1.043333,100,120,none,0.25,l,item_name_package
BEVERAGES,BR000351,BR000351,KINZA COLA 30/250ML,EA,1.043333,100,120,none,0.25,l,item_name_package
CHEMICAL,132787,132787,(TAFGA) STEEL POLISH 12/400ML,EA,6.002509,100,120,none,0.4,l,item_name_package
CHEMICAL,133443,133443,(TAFGA) LUX SOAP ASST 72/120G,EA,2.403944,100,120,none,0.12,kg,item_name_package
CHEMICAL,140165,140165,ROZZET HAND LIQUID SOAP PINK 4/5LTR,EA,0,100,,none,5,l,item_name_package
CHEMICAL,165437,165437,CLOROX BLEA 6/1GALLON,EA,16.357474,100,120,none,,,
CHEMICAL,169246,169246,DIXIE GLASS CLEANER 12/600ML,EA,2.913946,100,120,none,0.6,l,item_name_package
CHEMICAL,189387,189387,COTTAGE ROSE AIR FRESHNER 12/300ML,EA,3.601208,100,120,none,0.3,l,item_name_package
CHEMICAL,200361,200361,(TAFGA) DOVE CREAM SOAP PINK 72/135G,EA,4.157622,100,120,milk,0.135,kg,item_name_package
CHEMICAL,218664,218664,TFGA HAND SOAP LIQ LEMON 4/5LTR,EA,18.746022,100,120,none,5,l,item_name_package
CHEMICAL,254320,254320,TAFGA ARIEL DETERGENTS HS MB 4/3KG,EA,24.952102,100,120,none,3,kg,item_name_package
CHEMICAL,267425,267425,TAFGA PIF PAF INSECT KILLER 12/300ML,EA,5.675633,100,120,none,0.3,l,item_name_package
CHEMICAL,270297,270297,TAFGA FLASH PLUS BOWL CLEANER 12/1000ML,EA,3.166662,100,120,none,1,l,item_name_package
CHEMICAL,279994,279994,TFGA WHITE DETERGENT POWDER 1/25KG,EA,72.010973,100,120,none,25,kg,item_name_package
CHEMICAL,330261,330261,GENTO DISINFECTANT FLOWER 6/3LTR,EA,12.166662,100,120,none,3,l,item_name_package
CHEMICAL,332791,332791,TAFGA CHLORINE TABLETS 6/200CT,PAK,120,100,120,none,200,pieces,item_name_package
CHEMICAL,343925,343925,TAFGA DOVE SOAP 72/75G,EA,2.975459,100,120,none,0.075,kg,item_name_package
CHEMICAL,387037,387037,FAIRY LEMON 12/900ML,EA,11.416669,100,120,none,0.9,l,item_name_package
CHEMICAL,CH000436,CH000436,CHROLINE STRIPS 1/2CT,EA,50,100,120,none,2,pieces,item_name_package
DAIRY,118807,118807,NADA UHT MILK FF 18/200ML,EA,1.25,100,61,milk,0.2,l,item_name_package
DAIRY,153758,153758,A-TAFGA BONNY MILK EVAP 96/170G,EA,2.186782,100,61,milk,0.17,kg,item_name_package
DAIRY,164604,164604,TAFGA MARGARINE 1/5/2KG,PAK,23.75001,100,120,none,10,kg,item_name_package
DAIRY,171301,171301,TAFGA SLICED CHEESE 9/800G,EA,17.648206,100,120,milk,0.8,kg,item_name_package
DAIRY,342384,342384,TAFGA MARAI COOKING CREAM 12/1LTR,EA,19.7,100,120,milk,1,l,item_name_package
DAIRY,DR000003,DR000003,AL MARAI YOGURT/ZABADI FF 1/170G,EA,1.25,100,120,milk,0.17,kg,item_name_package
DAIRY,DR000005,DR000005,AL MARAI UHT MILF FF 12/1LTR,EA,3.410001,100,120,none,1,l,item_name_package
DAIRY,DR000017,DR000017,AL MARAI LABAN LF VIT 1/180ML,EA,0,100,120,none,0.18,l,item_name_package
DAIRY,DR000034,DR000034,NADA MILK FF UHT 12/1 LTR,EA,0,100,61,none,1,l,item_name_package
DAIRY,DR000039,DR000039,AL MARAI BUTTER UNSALT 4/100/10G,PAK,36.153056,100,120,milk,1,kg,item_name_package
DAIRY,DR000284,DR000284,ALMARAI LABNEH FF 1/2.75KG,EA,66,100,120,none,2.75,kg,item_name_package
DAIRY,DR000390,DR000390,AL MARAI MOZZARELLA CHEESE 6/900GM,EA,35.57,100,120,milk,0.9,kg,item_name_package
GROCERY,100782,100782,TAFGA MAKATI SOY SAUCE 12/750ML,EA,8.225,100,,none,0.75,l,item_name_package
GROCERY,102426,102426,TAFGA MAGGI CUBES CHICKEN 24/24/20G,EA,0.814965,75,165,none,0.02,kg,item_name_package
GROCERY,103023,103023,TAFGA LUNA TOMATO PASTE 24/400G,EA,3.791673,100,82,none,0.4,kg,item_name_package
GROCERY,110196,110196,A-(TAFGA) AFFCO OYSTER SAUCE 12/600ML,EA,10.916665,100,90,shellfish,0.6,l,item_name_package
GROCERY,111278,111278,TFG RIYADH/HAIEL WHITE OATS 24/400G,EA,3.480606,240,389,gluten,0.4,kg,item_name_package
GROCERY,132822,132822,A-TAFGA SHIFA HONEY 12/500G,EA,19.494518,100,387,none,0.5,kg,item_name_package
GROCERY,132827,132827,CAFE EXTRA MILD 12/200G,EA,14.574515,100,120,none,0.2,kg,item_name_package
GROCERY,132875,132875,TFGA CUSTARD POWDER 24/450G,EA,7.27551,100,120,none,0.45,kg,item_name_package
GROCERY,132925,132925,GARLIC CUPS DISP WATNIA 20/100CT,PAK,3.383235,100,0,none,100,pieces,item_name_package
GROCERY,133054,133054,ELKEIF THAI CHILLI WHOLE 1/5KG,KG,25,100,120,none,5,kg,item_name_package
GROCERY,133106,133106,BASHAYER PAK VERMICELLI 48/150G,EA,0.880132,100,120,none,0.15,kg,item_name_package
GROCERY,133501,133501,A-GLORIA SAN HOT SAUCE 36/3Z,EA,0.919458,100,90,none,0.08504857,kg,item_name_package
GROCERY,138855,138855,A-FOOM WHEAT FLOUR 1/45KG,KG,0.788889,100,364,wheat,45,kg,item_name_package
GROCERY,139287,139287,MELLOW PULSE LENTIL BROWN WHOLE 1/15KG,KG,0,100,,none,15,kg,item_name_package
GROCERY,139364,139364,A-TAFGA MELLOW URID DAL 1/15KG,KG,6.798457,100,120,none,15,kg,item_name_package
GROCERY,139374,139374,TAFGA PARMEL RICE 1/40KG,KG,0,100,,none,40,kg,item_name_package
GROCERY,139554,139554,A-AL AMC CORN STARCH 1/25KG,KG,2.5996,100,120,none,25,kg,item_name_package
GROCERY,139779,139779,A-TFG TOMEX BELGIUM VEG BROCOLLI 4/2.5KG,EA,23.090125,85,40,none,2.5,kg,item_name_package
GROCERY,139791,139791,A-GEKO FRENCH FRIES SIZE 9X9 4/2.5KG,EA,11.859375,100,120,none,2.5,kg,item_name_package
GROCERY,139799,139799,VEG FROGEL CAULIFLOWER 1/10KG,CS,0,100,,none,10,kg,item_name_package
GROCERY,139837,139837,TFG BOREAL/TOMEX BELGIUM SPINACH 4/2.5KG,PAK,13.500014,100,120,none,2.5,kg,item_name_package
GROCERY,139845,139845,A-TFG FRESHLY FRUIT C/TAIL 6/2.5KG,EA,28.20265,90,282,none,2.5,kg,item_name_package
GROCERY,139860,139860,A-ADELCO BURGHUL (FINE)1/15KG,KG,3.6,100,120,none,15,kg,item_name_package
GROCERY,139862,139862,OBA SEMOLINA 1/15KG,KG,4,100,120,none,15,kg,item_name_package
GROCERY,139868,139868,AAA WHITE THAI RICE 1/40KG,KG,2.999164,300,365,none,40,kg,item_name_package
GROCERY,140068,140068,A-88 RED KIDNEY BEANS 1/15KG,KG,8.633822,100,120,none,15,kg,item_name_package
GROCERY,142007,142007,A-MELLOW PULSE RED LENTIL 1/15KG,KG,4.399431,100,120,none,15,kg,item_name_package
GROCERY,145008,145008,A-TAFGA REHAN JELLY S/BERRY 4/3KG,EA,25,100,120,none,3,kg,item_name_package
GROCERY,147040,147040,TFG NIAZ BAY LEAVES 1/1KG,CS,15.260333,100,120,none,1,kg,item_name_package
GROCERY,147042,147042,AL NASEEL TAFGA P/P WALNUT 1/1KG,CS,40.5726,100,120,tree nuts,1,kg,item_name_package
GROCERY,147047,147047,TFG NIAZ LEMON DRY 1/1KG,CS,14.7425,100,120,none,1,kg,item_name_package
GROCERY,153319,153319,MAWASIM SARDINES TOM/SCE 100/155G,EA,2.280014,100,120,none,0.155,kg,item_name_package
GROCERY,154783,154783,TAFGA SB FRENCH FRIES 4/2.5KG,EA,13.56375,100,120,none,2.5,kg,item_name_package
GROCERY,155583,155583,A-TAFGA ADELCO HAREES TURKEY 1/10KG,KG,4.310557,100,120,none,10,kg,item_name_package
GROCERY,161290,161290,A-TFGA AFFCO TOMATO KETCHUP 4/5KG,EA,23.91885,100,82,none,5,kg,item_name_package
GROCERY,166780,166780,TAFGA REHAN SALT IODIZED 24/700G,EA,0.79,100,120,none,0.7,kg,item_name_package
GROCERY,174476,174476,AFCO COCONUT MILK POWDER 12/300G,EA,9.580833,100,61,milk|tree nuts,0.3,kg,item_name_package
GROCERY,176065,176065,AL OSRA SUGAR FINE 10/2KG,EA,7.235844,100,387,none,2,kg,item_name_package
GROCERY,179312,179312,(TAFGA) MAWASIM KETCHUP 24/340G,EA,2.275539,100,120,none,0.34,kg,item_name_package
GROCERY,179550,179550,A-AFFCO RICE STK (P/BIHON) 30/227G-212012,EA,4.100905,300,365,none,0.227,kg,item_name_package
GROCERY,180576,180576,TAFGA CAMEL PICKLE MIXED 12/400G,EA,5.333775,100,120,none,0.4,kg,item_name_package
GROCERY,180808,180808,A-TAFGA MELLOW DAL MOONG WHL 1/15KG,KG,5.866667,100,120,none,15,kg,item_name_package
GROCERY,185208,185208,TAFGA OLIVE OIL 12/500ML,EA,11.67905,100,884,none,0.5,l,item_name_package
GROCERY,185539,185539,COCONUT MILK POWDER 12/300G,EA,13.877866,100,61,milk|tree nuts,0.3,kg,item_name_package
GROCERY,185818,185818,A-TFG FRESHLY BASIL LEAVES U.S 6/5Z,EA,22.438929,100,120,none,0.14174762,kg,item_name_package
GROCERY,185836,185836,A-TAFGA FRESHLY PEPPER BLACK PWDR 6/16Z,EA,53.26765,100,120,none,0.45359237,kg,item_name_package
GROCERY,185837,185837,A-TAFGA FRESHLY WHT PEPPER PDWR 6/16Z,EA,70.552273,100,120,none,0.45359237,kg,item_name_package
GROCERY,187167,187167,TAFGA HOMMOS TAHINA 24/380G,EA,2.20833,100,120,none,0.38,kg,item_name_package
GROCERY,188559,188559,A-FOOM WHITE FLOUR 1/45KG,KG,0.611111,100,364,wheat,45,kg,item_name_package
GROCERY,190082,190082,A-ALMANAKIL SUMAC NO.1 1/KG,KG,9.2,100,120,none,,,
GROCERY,191262,191262,A-TFGA LUNA FOUL MEDAMAS 24/400G,EA,1.960765,100,120,none,0.4,kg,item_name_package
GROCERY,191743,191743,WADI HONEY 12/375-385G,EA,6.997343,100,387,none,0.375,kg,item_name_package
GROCERY,191744,191744,TAFGA SPANISH BLACK OLIVES WHOLE 12/370G,EA,5.666736,100,120,none,0.37,kg,item_name_package
GROCERY,191892,191892,TAFGA LUNA RED KIDNEY BEANS 24/400G,EA,3.5,100,120,none,0.4,kg,item_name_package
GROCERY,198273,198273,TAFGA M.S.G. 20/400G,EA,1.30005,100,120,none,0.4,kg,item_name_package
GROCERY,199838,199838,A-(TAFGA) AFFCO SWEET CORN 6/3KG,PAK,15.52675,100,120,none,3,kg,item_name_package
GROCERY,199922,199922,A-TAFGA AFFCO SWEET CHILLI SAUCE 12/700ML,EA,7.66664,100,90,none,0.7,l,item_name_package
GROCERY,201773,201773,TAFGA CREAM CARAMEL 4/3KG,PAK,25.5,100,120,milk,3,kg,item_name_package
GROCERY,204980,204980,TAFGA LIQ TAHINA 12/1KG,EA,36.083344,100,120,none,1,kg,item_name_package
GROCERY,213346,213346,BAIDAR POMEGRANATE MOLASSES 12/700G,EA,14.583333,100,120,none,0.7,kg,item_name_package
GROCERY,218618,218618,TAFGA GOODY WHOLE MUSHROOM 24/400G,EA,7.449229,100,120,none,0.4,kg,item_name_package
GROCERY,221871,221871,TAFGA DALAL COOKING OIL-(SAUDI) 1/18LTR,EA,104.273975,100,884,none,18,l,item_name_package
GROCERY,242795,242795,ALMARAI BUTTER GHEE 6/1600G,EA,35.905962,100,120,milk,1.6,kg,item_name_package
GROCERY,255114,255114,A-UJAJ ROCK COOKING SALT 1/50KG,KG,0.46,100,120,none,50,kg,item_name_package
GROCERY,262233,262233,TAFGA NESCAFE CLASIC COFFEE 12/200G,EA,19.44125,100,120,none,0.2,kg,item_name_package
GROCERY,262241,262241,A-TAFGA NESTLE COFFEEMATE COFE 15/400G,EA,8.759678,100,120,none,0.4,kg,item_name_package
GROCERY,262511,262511,TAFGA GOODY MACARONI ELBOW #33 24/500G,EA,4.302311,100,120,none,0.5,kg,item_name_package
GROCERY,265809,265809,GOODY FETTUCCINI 24/450G,EA,12.6825,100,120,none,0.45,kg,item_name_package
GROCERY,266115,266115,A-TFG MAMIA ROSE WATER 12/430ML,EA,1.750384,100,120,none,0.43,l,item_name_package
GROCERY,267491,267491,TAFGA CH/GARDEN MIXED PICKLE 12/1KG,EA,9.916668,100,120,none,1,kg,item_name_package
GROCERY,271485,271485,TAFGA MAWASIM/BADAR TEA BAG 36/100CT,PAK,5.361117,100,120,none,100,pieces,item_name_package
GROCERY,273104,273104,A-AFFCO FISH SAUCE 12/700ML,EA,4.58335,80,206,fish,0.7,l,item_name_package
GROCERY,275514,275514,TAFGA GOODY VERMICELLI CUT 24/500G,EA,4.275836,100,120,none,0.5,kg,item_name_package
GROCERY,275516,275516,A-TAFGA GOODY P/NUT BTR CRMY 12/340G,EA,10.282538,100,120,tree nuts,0.34,kg,item_name_package
GROCERY,275700,275700,A-TFGA MEHRAN BIRIYANI POWDER 48/50G,EA,3.958379,100,120,none,0.05,kg,item_name_package
GROCERY,275962,275962,TAFGA GOODY MAYONNAISE 12/32Z,EA,19.921474,100,120,eggs,0.90718474,kg,item_name_package
GROCERY,276502,276502,A-MEHRAN KAUSRI METHILEAVES 12/50G,EA,1.667962,100,120,none,0.05,kg,item_name_package
GROCERY,279340,279340,A-TFGA MEHRAN TIKKA MASALA 12/50G,EA,3.666671,100,120,none,0.05,kg,item_name_package
GROCERY,279694,279694,AL MARAI EXTRA VIRGIN OLIVE OIL 12/500ML,EA,27,100,884,none,0.5,l,item_name_package
GROCERY,280423,280423,A-TAFGA HB MIXED FRUITS JAM 12/400G,EA,8.73,90,282,none,0.4,kg,item_name_package
GROCERY,283518,283518,TAFGA KELLOGS CORN FLAKES 8/1KG,EA,19.948629,100,120,none,1,kg,item_name_package
GROCERY,285358,285358,EASTERN KABSA SPICE MIX 24/200G,EA,11.63045,100,120,none,0.2,kg,item_name_package
GROCERY,307316,307316,TFGA ADELCO CHICK PEAS PWDR INDIA 1/15KG,KG,4.213724,100,120,none,15,kg,item_name_package
GROCERY,367022,367022,MAWASIM VINEGAR WHITE 4/3.78LTR,EA,8.75045,100,120,none,3.78,l,item_name_package
GROCERY,367989,367989,TAFGA TOMEX FROZEN CAULIFLOWER 4/2.5KG,EA,0,100,120,none,2.5,kg,item_name_package
GROCERY,368547,368547,AFIA SUNFLOWER OIL 4/2.9LTR,EA,32.999749,100,884,none,2.9,l,item_name_package
GROCERY,369548,369548,TAFGA TANG MANGO 6/2 KG,EA,39.09585,100,120,none,2,kg,item_name_package
GROCERY,369549,369549,TAFGA TANG ORANGE 6/2 KG,EA,39.13155,100,120,none,2,kg,item_name_package
GROCERY,372862,372862,TAFGA NESCAFE RED MUG INST COFEE 6/200G,EA,31.955556,100,120,none,0.2,kg,item_name_package
GROCERY,374218,374218,AFIA EXTRA VIRGIN OLIVE OIL 12/1LTR,EA,50.50035,100,884,none,1,l,item_name_package
GROCERY,376366,376366,ALMARAI MILK POWDER F/C 2KG+500G 6/2.5KG,EA,77.44,100,61,milk,2.5,kg,item_name_package
GROCERY,378292,378292,A-TFG AL KABEER HASHBROWN POTATO 4/2.5KG,EA,28.75,85,40,none,2.5,kg,item_name_package
GROCERY,379941,379941,TAJ MAHAL PUNJABI RICE 4/10KG,BAG,60.41065,300,365,none,10,kg,item_name_package
GROCERY,381884,381884,A-TAFGA LIPTON TEA CATERING PACK 36/100CT,EA,8.89171,100,120,none,100,pieces,item_name_package
GROCERY,381887,381887,A-TAFGA GOODY WHOLE PEELED TOMATO 6/#10,EA,17.90219,100,82,none,,,
GROCERY,385486,385486,FRESHLY YELLOW MUSTARD PASTE 12/8OZ,EA,6.865116,100,120,none,0.22679619,kg,item_name_package
GROCERY,386163,386163,A-MELOW INDIAN YELLOW SPLIT CHICK PEAS 1/15KG,KG,5.560805,100,120,none,15,kg,item_name_package
GROCERY,386761,386761,GOODY PASTA #11 PENNE LISCE 24/500G,EA,4.277181,100,364,wheat,0.5,kg,item_name_package
GROCERY,386762,386762,GOODY PASTA #20 SPAGHETTI 24/450,EA,4.313105,100,364,wheat,,,
GROCERY,391367,391367,SHAMS SUNFLOWER OIL 2/9LTR,EA,65.00125,100,884,none,9,l,item_name_package
GROCERY,392483,392483,NESCAFE CLASSIC COFFEE 12/190G,EA,25.3725,100,120,none,0.19,kg,item_name_package
GROCERY,401030,401030,EASTERN GARLIC POWDER 24/200G,EA,9.96835,100,120,none,0.2,kg,item_name_package
GROCERY,401170,401170,A- TAFGA FRESHLY SMOKED PAPRIKA 6/16Z,EA,39.166675,100,120,none,0.45359237,kg,item_name_package
GROCERY,401443,401443,LIPTON GREEN TEA MINT 12/50/1.3G,PAK,16.91665,100,120,none,0.065,kg,item_name_package
GROCERY,401444,401444,LIPTON GREEN TEA LEMON 12/50/1.3G,PAK,16.916667,100,120,none,0.065,kg,item_name_package
GROCERY,402514,402514,A- MAKATI CHINESE NOODLES 30/200G,EA,5.013421,100,120,wheat,0.2,kg,item_name_package
GROCERY,403715,403715,A-HB ORANGE JAM 12/400G,EA,0,100,,none,0.4,kg,item_name_package
GROCERY,404298,404298,A-TAFGA SB OKRA ZERO 20/400G,EA,6.4,100,120,none,0.4,kg,item_name_package
GROCERY,404314,404314,A-5 DIAMOND RAISIN 1/10KG,KG,17.17747,90,282,none,10,kg,item_name_package
GROCERY,404321,404321,A-MELLOW LENTIL BROWN WHOLE 1/15KG,KG,4.162565,100,120,none,15,kg,item_name_package
GROCERY,404322,404322,A-ADELCO COCONUT POWDR 1/7KG,EA,93.1168,100,120,tree nuts,7,kg,item_name_package
GROCERY,404324,404324,A- ALBAYAT SAUDI SUGAR 1/50KG,KG,2.232922,100,387,none,50,kg,item_name_package
GROCERY,404330,404330,A-TOMEX GREEN PEAS 4/2.5KG,EA,15.92412,100,120,none,2.5,kg,item_name_package
GROCERY,404331,404331,A-TOMEX CUT GREEN BEAN 4/2.5KG,EA,15.157793,100,120,none,2.5,kg,item_name_package
GROCERY,404332,404332,A-TOMEX VEG MIXED VEG 4/2.5KG,EA,14.383149,85,40,none,2.5,kg,item_name_package
GROCERY,404344,404344,A-NASEEL MUSTARD WHOLE 1/1KG,KG,8,100,120,none,1,kg,item_name_package
GROCERY,404349,404349,A- SPIXA CASHEW NUTS 1/1KG,KG,41.154906,100,120,tree nuts,1,kg,item_name_package
GROCERY,404350,404350,A- SPIXA ALMONDS 1/1KG,KG,36.064,100,120,tree nuts,1,kg,item_name_package
GROCERY,404352,404352,A- SPIXA WALNUT 1/1KG,KG,39,100,120,tree nuts,1,kg,item_name_package
GROCERY,404353,404353,A- SPIXA PISTACHIO CLEAN 1/1KG,KG,89.748,100,120,tree nuts,1,kg,item_name_package
GROCERY,404355,404355,A- NASEEL WHITE SESAME SEEDS 1/1KG,KG,13.8,100,120,sesame,1,kg,item_name_package
GROCERY,404596,404596,A-NASEEL LEMON SALT 1/1KG,KG,19,100,120,none,1,kg,item_name_package
GROCERY,404682,404682,A-AL MANAKEL PAPRIKA SWEET JAR 6/1KG,KG,25.76,100,120,none,1,kg,item_name_package
GROCERY,404968,404968,NIAZ CORIANDER WHOLE (L189) 1/1KG,KG,12.096647,100,120,none,1,kg,item_name_package
GROCERY,405128,405128,FC FOOD COLOUR RED 6/12/28ML,PAK,33,100,120,none,0.336,l,item_name_package
GROCERY,429366,429366,TFG MOONATY LEMON JUICE 12/1LTR,EA,4.294038,100,120,none,1,l,item_name_package
GROCERY,430698,430698,RASNA POWDERED DRINK MANGO 6/2KG,EA,26.66665,100,120,none,2,kg,item_name_package
GROCERY,GR000041,GR000041,SHAN CURRY POWDER 10/1KG,EA,19.002413,100,120,none,1,kg,item_name_package
GROCERY,GR000042,GR000042,SHAN RED CHILLI POWDER 10/1KG,EA,19.002124,100,120,none,1,kg,item_name_package
GROCERY,GR000043,GR000043,SHAN TURMERIC POWDER 10/1KG,EA,14.973308,100,120,none,1,kg,item_name_package
GROCERY,GR000553,GR000553,SHAN CORIANDER POWDER 10/1KG,KG,14.5,100,120,none,1,kg,item_name_package
GROCERY,GR000554,GR000554,SHAN CUMIN WHOLE 10/1KG,KG,22.251359,100,120,none,1,kg,item_name_package
GROCERY,GR000583,GR000583,SHAN CUMIN POWDER 10/1KG,KG,29,100,120,none,1,kg,item_name_package
GROCERY,GR001017,GR001017,SHAN BLACK PEPPER WHOLE 10/1KG,KG,36,100,120,none,1,kg,item_name_package
GROCERY,GR001018,GR001018,MAA HALEEM MASALA 10/1KG,KG,33.5,100,120,none,1,kg,item_name_package
GROCERY,GR001426,GR001426,NZMP WHOLE MILK POWDER 1/25KG,KG,23.534685,100,61,milk,25,kg,item_name_package
GROCERY,GR001943,GR001943,SHAN KORMA MASALA 10/1KG,KG,45.00915,100,120,none,1,kg,item_name_package
GROCERY,GR002099,GR002099,MAA NIHARI MASALA 48/60G,EA,3.22917,100,120,none,0.06,kg,item_name_package
GROCERY,GR002526,GR002526,BLACK CARDAMON INDIA 1/1KG,KG,113,100,120,none,1,kg,item_name_package
GROCERY,GR002636,GR002636,SHAN TANDOORI MASALA 1/1KG,KG,33.5,100,120,none,1,kg,item_name_package
GROCERY,GR003046,GR003046,AMAL CHICK PEAS # 07 1/15KG,KG,4.294154,100,120,none,15,kg,item_name_package
GROCERY,GR003330,GR003330,AKBRI PUNJABI BASMATI RICE 4/10KG,PAK,64.74359,300,365,none,10,kg,item_name_package
GROCERY,GR003477,GR003477,NIAZ BLACK PEPPER WHOLE 1/1KG,KG,36,100,120,none,1,kg,item_name_package
GROCERY,GR003481,GR003481,NIAZ CINNAMON STICK 1/1KG,KG,18.838455,100,120,none,1,kg,item_name_package
GROCERY,GR003482,GR003482,NIAZ CLOVE WHOLE 1/1KG,KG,47,100,120,none,1,kg,item_name_package
GROCERY,GR003571,GR003571,NIAZ CARDAMON 1/1KG,KG,147.5,100,120,none,1,kg,item_name_package
GROCERY,GR003677,GR003677,NIAZ BASMATI EXTRA LONG GRAIN XXL 1/40KG,KG,6.45,100,120,none,40,kg,item_name_package
GROCERY,GR003698,GR003698,MAA CHAAT MASALA TUB 6/750G,EA,22.5,100,120,none,0.75,kg,item_name_package
GROCERY,GR003726,GR003726,Falcon Indian Long Grain Parboiled Rice 1/40 KG,KG,3.144444,300,365,none,40,kg,item_name_package
MEAT,134212,134212,MUTTON CARCAS AUST U-16 1/1KG,KG,29.5,70,250,none,1,kg,item_name_package
MEAT,134213,134213,MUTTON CARCASS UNDER 20 1/1KG,KG,27.6117,70,250,none,1,kg,item_name_package
MEAT,141396,141396,BEEF INDIAN B/LES FOREQUARTER FROZEN 1KG,KG,21.068218,70,250,none,,,
MEAT,307970,307970,AL KABEER BEEF BURGER ONN BIG 8/1200G,EA,25,70,250,none,1.2,kg,item_name_package
MEAT,MT000237,MT000237,FROZ BEEF FEET 1/1KG(NATURA FRIG),KG,8.408785,70,250,none,1,kg,item_name_package
OPERSUPPLY,115918,115918,A-TFG DAIM/ORINEX CUTRIT WAX PPR 24/75SQFT,EA,5.883342,100,0,none,,,
OPERSUPPLY,116248,116248,TAFGA GULF PLASTIC TRAY #3 20/50CT,PAK,6.480833,100,0,none,50,pieces,item_name_package
OPERSUPPLY,116281,116281,PLASCO ROUND PLATE #22 10/50CT,PAK,8.5,100,0,none,50,pieces,item_name_package
OPERSUPPLY,132767,132767,KITCHEN CLOTH TOWEL 1/12CT,EA,1.073821,100,0,none,12,pieces,item_name_package
OPERSUPPLY,132774,132774,MOP HEAD 24Z 1/EA,EA,9.8,100,0,none,,,
OPERSUPPLY,132777,132777,MOP HANDLE (METAL) 1/EA,EA,13.59077,100,0,none,,,
OPERSUPPLY,132779,132779,NIBCO HAND BRUSH (SOFT) 1/EA,EA,4.900533,100,0,none,,,
OPERSUPPLY,132784,132784,HARD BROOM W/STICK(18IN) 1/EA,EA,8.924425,100,0,none,,,
OPERSUPPLY,132785,132785,"HERO BLACK SOFTBROOM W/STK 16"" 1/EA",EA,11.76045,100,0,none,,,
OPERSUPPLY,132791,132791,GLOVE DISP 100/100CT,PAK,1.506823,100,0,none,100,pieces,item_name_package
OPERSUPPLY,132795,132795,RUBBER WIPER 45CM 1/EA,EA,9.800075,100,0,none,,,
OPERSUPPLY,132915,132915,TAFGA RUBBER WIPER 75CM 1/EA,EA,16.66,100,0,none,,,
OPERSUPPLY,133204,133204,TAFGA HYNAP NAPKIN 40/250CT,PAK,3.624637,100,0,none,250,pieces,item_name_package
OPERSUPPLY,133229,133229,AFFCO ROUND TOOTHPICK 12/150'S,EA,0.416696,100,0,none,,,
OPERSUPPLY,133283,133283,TFGA TRASH BAG BLUE 10-GAL(3KG) 17/30CT,PAK,1.388235,100,0,none,30,pieces,item_name_package
OPERSUPPLY,133442,133442,WRAPPED TOOTHPICK 1/1000'S,CS,4.7267,100,0,none,,,
OPERSUPPLY,139876,139876,CAKE BOXES 30/30/12CM /EA,EA,0.800031,100,0,none,,,
OPERSUPPLY,140060,140060,TAFGA FOAM LUNCH BOX LB3L 1/100'S,CS,24.193533,100,0,none,,,
OPERSUPPLY,140074,140074,ALUMINUM 3 COMP #800/45 1/600CT,EA,0.33852,100,0,none,600,pieces,item_name_package
OPERSUPPLY,140104,140104,INDUSTRIAL WHITE P/TOWEL 80MTR 12/1ROL,EA,3.079985,100,0,none,,,
OPERSUPPLY,159935,159935,SANDWICH PAPER 20/500CT,PAK,5.278153,100,0,none,500,pieces,item_name_package
OPERSUPPLY,164553,164553,TFGA BAMBOO SKEWER 25CM ROSE 1/100CT,CS,1.784531,100,0,none,100,pieces,item_name_package
OPERSUPPLY,165042,165042,KRAFT PAPER BAG #10 1/10KG,KG,7.863355,100,0,none,10,kg,item_name_package
OPERSUPPLY,165119,165119,GENPACK CONE WATER CUP-US 25/200CT,PAK,6.8272,100,0,none,200,pieces,item_name_package
OPERSUPPLY,165121,165121,STEEL WOOL HEAVY DUTY 1/48CT,EA,1.333334,100,0,none,48,pieces,item_name_package
OPERSUPPLY,169798,169798,TAFGA RUBBER HAND GLOVES 10-10.5 12/EA,EA,2.08485,100,0,none,,,
OPERSUPPLY,172309,172309,AL HASA TRASH BAG #50 GAL 1/3KG,KG,43.62202,100,0,none,3,kg,item_name_package
OPERSUPPLY,177650,177650,TFG MAXI ROLL 300MTR 6/1ROLL,EA,5.635049,100,0,none,,,
OPERSUPPLY,179369,179369,TAFGA CHARCOAL LIGHTER FUEL 12/16Z,EA,11.953183,100,0,none,0.45359237,kg,item_name_package
OPERSUPPLY,185024,185024,NURSE'S CAP 10/100CT,EA,3.936849,100,0,none,100,pieces,item_name_package
OPERSUPPLY,185025,185025,APRON DISP 10/100 CT,PAK,4.916249,100,0,none,100,pieces,item_name_package
OPERSUPPLY,185784,185784,TAFGA GULF PLASTIC SPOONS 20/50PCS,PAK,1.679051,100,0,none,,,
OPERSUPPLY,187421,187421,TAFGA OVEN CLEANER 12/300ML,EA,18.333333,100,0,none,0.3,l,item_name_package
OPERSUPPLY,188273,188273,TAFGA SCOURING PAD MAOG 40/9CT,PAK,7.10215,100,0,none,9,pieces,item_name_package
OPERSUPPLY,191976,191976,TAFGA ALUMINUM FOIL 6X45X.014MICX100MTR,EA,26.89628,100,0,none,,,
OPERSUPPLY,192337,192337,MOP HEAD RED COLOR 16Z 1/EA,EA,9.802867,100,0,none,,,
OPERSUPPLY,192338,192338,MOP HEAD BLUE COLOR 16Z 1/EA,EA,9.800029,100,0,none,,,
OPERSUPPLY,204787,204787,TAFGA DUST PAN WITH BRUSH 1/EA,EA,4.9,100,0,none,,,
OPERSUPPLY,235499,235499,AR # KLEENEX TT 500 SHTS-ARAMCO 8/12ROLL,PAK,22.00007,100,0,none,,,
OPERSUPPLY,235591,235591,TOILET BRUSH WITH STAND 1/EA,EA,4.66,100,0,none,,,
OPERSUPPLY,237694,237694,TAFGA DUST PAN W/BRUSH LONG HNDL 1/EA,EA,9.8,100,0,none,,,
OPERSUPPLY,238216,238216,FACE MASK EAR LOOP 3PLY GREN/BLUE 1/50CT,PAK,2.898557,100,0,none,50,pieces,item_name_package
OPERSUPPLY,240013,240013,TAFGA PLEDGE F/POLISH NATURAL 12/300ML,EA,9.583335,100,0,none,0.3,l,item_name_package
OPERSUPPLY,242108,242108,KLEENEX FT COMFORT TOUCH 36/70 -100CT,PAK,2.166968,100,0,none,70,pieces,item_name_package
OPERSUPPLY,248759,248759,ORINX/JAMA VINYL GLV PWD FRE LR 10/100CT,PAK,5.655728,100,0,none,100,pieces,item_name_package
OPERSUPPLY,263304,263304,TAFGA AL SHARQIA CHARCOAL 1/4KG,CS,20.012774,100,0,none,4,kg,item_name_package
OPERSUPPLY,279433,279433,TAFGA SUFRA MEDIUM 10/30CT,PAK,2.810585,100,0,none,30,pieces,item_name_package
OPERSUPPLY,280902,280902,TAFGA CHAFFING FUEL ADJUST/WICK 1/24EA,EA,2.666667,100,0,none,,,
OPERSUPPLY,284926,284926,TAFGA FABRIC SOFTNER 8/2LT,EA,10.255291,100,0,none,2,l,item_name_package
OPERSUPPLY,315827,315827,ALUMINUM FOIL CONT. #1135.400/CT,EA,0.35,100,0,none,,,
OPERSUPPLY,360324,360324,TAFGA VVIP CUTLRY 8PC CLEAR 1/400CT,EA,0.500365,100,0,none,400,pieces,item_name_package
OPERSUPPLY,388586,388586,ALUMINUM 3 COMP LID 800/45 1/500CT,EA,0.002,100,0,none,500,pieces,item_name_package
OPERSUPPLY,391639,391639,AR # KLEENEX UCTAD ROL TWEL #6272 1/6CT,EA,21.183249,100,0,none,6,pieces,item_name_package
OPERSUPPLY,395605,395605,TEA SPOON SMALL 1/1000CT,EA,0.03,100,0,none,1000,pieces,item_name_package
OPERSUPPLY,395608,395608,A-TAFGA LOGO SHOPPING BAG BIODEGRADEABLE MED 1/20KG,KG,6.8,100,,none,20,kg,item_name_package
OPERSUPPLY,400188,400188,TAFGA DOUBLE WALL CUP GOLDEN 9Z 1/500CT,EA,0.206,100,0,none,500,pieces,item_name_package
OPERSUPPLY,400731,400731,KOOZ HOT CUPS W/ HANDLE GOLD 1/1000CT,EA,0.085229,100,0,none,1000,pieces,item_name_package
OPERSUPPLY,422720,422720,TAFGA JASEER CLING FILM 45CM 6KG 6/1600M,EA,38.542072,100,0,none,,,
OPERSUPPLY,OP000050,OP000050,PLASTIC FORK 20/50CT(CATER PACK),PAK,1.35,100,0,none,50,pieces,item_name_package
OPERSUPPLY,OP000380,OP000380,SANDWICH BAG # 6 1/10KG,KG,3.75,100,0,none,10,kg,item_name_package
OPERSUPPLY,OP001697,OP001697,REGULAR CUTLRY SET 1/200CT,EA,0.72,100,0,none,200,pieces,item_name_package
OPERSUPPLY,OP001718,OP001718,MICROWAVE CONTAINER W/LID BLACK 500ML 1/250CT,EA,0.4,100,0,none,250,pieces,item_name_package
OPERSUPPLY,OP001719,OP001719,ALUMINIUM CONTAINER ROUND 1/600CT,EA,0.241667,100,0,none,600,pieces,item_name_package
OPERSUPPLY,OP001728,OP001728,MICROWAVE CONTAINER RECTANGLE BLACK W/LID 1/150CT,EA,0.873333,100,0,none,150,pieces,item_name_package
OPERSUPPLY,OP001733,OP001733,"DOILIES PAPER RECTANGLR 17.5X12.5""/470X317MM 30/35CT",PAK,5.179171,100,0,none,35,pieces,item_name_package
OPERSUPPLY,OP001877,OP001877,SHOPPING BAG MEDIUM 1/20KG,KG,7.000052,100,0,none,20,kg,item_name_package
OPERSUPPLY,OP002597,OP002597,BLOOD BANK MEAL BOX 12X22X8CM 1/1EA,EA,0.65,100,0,none,,,
OPERSUPPLY,OP002722,OP002722,TRASH BAG BLUE 10 GAL 1/3KG,EA,17,100,0,none,3,kg,item_name_package
OPERSUPPLY,OP002898,OP002898,FOIL WARP HUMBURGER 1/2000CT,EA,0.092,100,0,none,2000,pieces,item_name_package
OPERSUPPLY,OP002971,OP002971,AL HASA TRASH BAG 50 GAL 3KG 1/7PAK,PAK,12.000001,100,0,none,,,
OPERSUPPLY,OP003035,OP003035,PLASTIC CONTENER WHITE 250 1/1000CT,EA,0.118,100,,none,1000,pieces,item_name_package
OPERSUPPLY,OP003260,OP003260,JASCO BRAND PLASTIC CONTAINER W/LID 250G 1/1000CT,EA,0.069999,100,0,none,1000,pieces,item_name_package
OPERSUPPLY,OP003629,OP003629,JASCO BRAND PLASTIC CONTAINER 450G 1/1000CT,EA,0.1,100,0,none,1000,pieces,item_name_package
OPERSUPPLY,OP003631,OP003631,ALUMINIUM CONTAINERS 2 COMPARTMENT 1/500CT,EA,0.46,100,0,none,500,pieces,item_name_package
OPERSUPPLY,OP003635,OP003635,MICROWAVEABLE CONTAINERS ROUND 450ML BLACK 1/500CT,EA,0.134,100,0,none,500,pieces,item_name_package
POULTRY,132996,132996,AFFCO LUNCHEON CHICKEN MEAT 24/200G,EA,5.088413,75,165,none,0.2,kg,item_name_package
POULTRY,134696,134696,DOUX CHICKEN FROZEN 10/900G,EA,0,100,120,none,0.9,kg,item_name_package
POULTRY,142110,142110,SAEDCO FRESH EGGS MEDIUM 12/30 CT,PAK,12.989999,100,120,eggs,30,pieces,item_name_package
POULTRY,179446,179446,TAFGA CHICKEN WINGS 1/5KG,KG,6.5,75,165,none,5,kg,item_name_package
POULTRY,180259,180259,TFG AMERICANA LOCAL CHICKEN BREAST1/10KG,KG,17.238869,75,165,none,10,kg,item_name_package
POULTRY,182833,182833,A-TAFGA AMERICANA CHICKEN FRANK 24/340G,EA,2.494907,75,165,none,0.34,kg,item_name_package
POULTRY,189015,189015,TAFGA LOCAL TANMIAH CHICKEN 10/900G,EA,11.838,75,165,none,0.9,kg,item_name_package
POULTRY,205101,205101,TANMIAH FRESH CHICKEN 1/900G,EA,14,75,165,none,0.9,kg,item_name_package
POULTRY,307852,307852,AL KABEER CHICKEN BURGER BIG 8/1200G,EA,28.75,75,165,none,1.2,kg,item_name_package
POULTRY,357255,357255,ADDOHA FRESH CHICKEN WHOLE IN BAG 1/900G,EA,13.4,75,165,none,0.9,kg,item_name_package
POULTRY,398635,398635,ZAMIL CHICKEN FRANKS 24/340G,EA,0,100,120,none,0.34,kg,item_name_package
PRODUCE,PR000002,PR000002,CABBAGE (LOCAL),KG,2.5,100,120,none,,,
PRODUCE,PR000005,PR000005,TOMATO (ADY),KG,3,100,82,none,,,
PRODUCE,PR000009,PR000009,GREEN PEPPER (LBN),KG,5,100,120,none,,,
PRODUCE,PR000010,PR000010,CUCUMBER (ADY),KG,3,85,40,none,,,
PRODUCE,PR000012,PR000012,EGGPANT (BIG),KG,2.5,100,120,eggs,,,
PRODUCE,PR000014,PR000014,MARROW (BIG),KG,3,100,120,none,,,
PRODUCE,PR000016,PR000016,GREEN CHILLI (INDIAN),KG,8,100,120,none,,,
PRODUCE,PR000018,PR000018,GARLIC (CHINA),KG,6,100,120,none,,,
PRODUCE,PR000019,PR000019,GINGER (CHINA),KG,6,100,120,none,,,
PRODUCE,PR000020,PR000020,DRY ONION (LOCAL),KG,4,85,40,none,,,
PRODUCE,PR000022,PR000022,POTATO (LOCAL),KG,2.5,85,40,none,,,
PRODUCE,PR000024,PR000024,YELLOW PUMPKUIN,KG,3,100,120,none,,,
PRODUCE,PR000026,PR000026,CARROT (AUSTALIA/CHINA),KG,6,85,40,none,,,
PRODUCE,PR000027,PR000027,LONG MARROW,KG,3,100,120,none,,,
PRODUCE,PR000030,PR000030,BITTERGOURD (LOCAL),KG,7,100,120,none,,,
PRODUCE,PR000031,PR000031,GREEN BEANS,KG,8,100,120,none,,,
PRODUCE,PR000032,PR000032,CAULIFLOWER (LOCAL),KG,3,100,120,none,,,
PRODUCE,PR000041,PR000041,PAPPAYA,KG,8,100,120,none,,,
PRODUCE,PR000045,PR000045,LETTUCE (LOCAL),KG,3,85,40,none,,,
PRODUCE,PR000048,PR000048,OKRA (LOCAL),KG,8,100,,none,,,
PRODUCE,PR000049,PR000049,ONION (WHITE),KG,2.5,85,40,none,,,
PRODUCE,PR000058,PR000058,PARSELY (BDL),BDL,1.5,100,120,none,0.08,kg,default_bundle_weight
PRODUCE,PR000059,PR000059,GERGER (BDL),BDL,1.5,100,120,none,0.08,kg,default_bundle_weight
PRODUCE,PR000060,PR000060,MINT (BDL),BDL,1.5,100,120,none,0.08,kg,default_bundle_weight
PRODUCE,PR000061,PR000061,SPINACH (BDL),BDL,1.5,100,23,none,0.08,kg,default_bundle_weight
PRODUCE,PR000062,PR000062,CORIANDER LEAVES (BDL),BDL,1.5,100,120,none,0.08,kg,default_bundle_weight
PRODUCE,PR000065,PR000065,GREEN ONION (BDL),BDL,0,100,23,none,0.08,kg,default_bundle_weight
PRODUCE,PR000070,PR000070,APPLE (GREEN),KG,0,100,120,none,,,
PRODUCE,PR000072,PR000072,APPLE (GALA) (USA/ITALY),KG,7,100,120,none,,,
PRODUCE,PR000074,PR000074,BANANA (ADY),KG,5,100,120,none,,,
PRODUCE,PR000076,PR000076,MANGO,KG,10,100,120,none,,,
PRODUCE,PR000077,PR000077,PEACHES,KG,10,100,,none,,,
PRODUCE,PR000078,PR000078,KIWI FRUIT,KG,12,100,,none,,,
PRODUCE,PR000081,PR000081,GRAPES BLACK (AFRICAN),KG,12,100,,none,,,
PRODUCE,PR000083,PR000083,RED PLUMS,KG,10,100,120,none,,,
PRODUCE,PR000084,PR000084,WATERMELONS,KG,2.5,100,,none,,,
PRODUCE,PR000085,PR000085,SWEETMELONS,KG,3,100,120,none,,,
PRODUCE,PR000090,PR000090,LEMON (AFRICAN/TURKEY),KG,6,100,120,none,,,
PRODUCE,PR000092,PR000092,ORANGE (AFRICAN/EGYPT) NAVEL (CLASS A),KG,4,100,120,none,,,
PRODUCE,PR000093,PR000093,MANDRINE MOROCCO,KG,7,100,,none,,,
PRODUCE,PR000095,PR000095,STRAWBERRIES (USA),KG,0,100,,none,,,
PRODUCE,PR000097,PR000097,GUAVA,KG,8,100,,none,,,
PRODUCE,PR000099,PR000099,POMEGRANATE,KG,10,100,,none,,,
PRODUCE,PR000105,PR000105,RED PEPPER,KG,15,100,120,none,,,
PRODUCE,PR000106,PR000106,YELLOW PEPPER,KG,15,100,120,none,,,
PRODUCE,PR000107,PR000107,GRAPES WHITE (AFRICAN),KG,12,100,120,none,,,
PRODUCE,PR000113,PR000113,DRISCOLL'S BLUE BERRY 1/170G,EA,0,100,,none,0.17,kg,item_name_package
PRODUCE,PR000114,PR000114,DRISCOLL'S RAS BERRY 1/170G,EA,0,100,,none,0.17,kg,item_name_package
SEAFOOD,134884,134884,TAFGA INDIAN MACKEREL FISH ORIGINAL 1/KG,KG,6.50026,80,206,fish,,,
SEAFOOD,144669,144669,TAFGA WHITE / HAMOUR FISH FILLET 1/1KG,KG,10.450217,80,206,fish,1,kg,item_name_package
SEAFOOD,163290,163290,FISH MILK FISH 500/800 /KG,KG,15.410389,80,206,milk|fish,,,
SEAFOOD,192264,192264,RUHI FISH 1/KG,KG,13,80,206,fish,,,
SEAFOOD,267650,267650,MAWASIM/GOLDEN LT MEAT TUNA 48/160G,EA,2.666786,70,250,fish,0.16,kg,item_name_package
SEAFOOD,275412,275412,TAFGA KFS TALAPIA CLEAN 1/KG,KG,9.050709,100,120,none,,,
SEAFOOD,306998,306998,RUHI FISH 1/2.5KG,KG,15,100,120,none,2.5,kg,item_name_package
SEAFOOD,SF000030,SF000030,FRESH HAMOUR FISH 1/1 KG,KG,45,80,206,fish,1,kg,item_name_package
