source_sheet,source_row,item_code,ingredient_name,quantity,unit,unit_cost,amount,status
Sheet1,2,182376,A-TAFGA ORIENT GARDEN BAKING SODA 12/12Z,23,EA,9.022948,207.5278,converted
Sheet1,3,230797,A-TAFGA SB PUFF PASTRY SQUARE 18/400G,25,EA,6.450004,161.2501,converted
Sheet1,4,272674,FONTE BREAD CRUMBS 1/500G,10,EA,4.5,45,converted
Sheet1,5,BK000001,SLICED BREAD WHITE,48,PAK,2.7,129.6,converted
Sheet1,6,BK000002,SLICED BREAD BROWN,12,PAK,3.25,39,converted
Sheet1,7,BK000003,LUSINE BURGER BUN PLAIN,0,PAK,0,0,converted
Sheet1,8,BK000004,ARABIC BREAD WHITE,85,PAK,0.95,80.75,converted
Sheet1,9,BK000005,ARABIC BREAD BROWN,285,PAK,0.95,270.75,converted
Sheet1,10,224894,(TAFGA) NOVA WATER 24/0.55-0.6LTR,96,EA,0.641667,61.6,converted
Sheet1,11,224895,TAFGA NOVA WATER 40/0.33LTR,1600,EA,0.403018,644.8283,converted
Sheet1,12,345557,BERAIN MINERAL WATER 2/12LTR,36,EA,5,180,converted
Sheet1,13,379401,TFG AL RABIE APPLE JUCIE 8/1LTR,10,EA,4.365,43.65,converted
Sheet1,14,379403,TFG AL RABIE FRT C/TAIL JUCIE 8/1LTR,7,EA,5.875343,41.1274,converted
Sheet1,15,379404,TFG AL RABIE MANGO JUCIE 8/1LTR,23,EA,5.867926,134.9623,converted
Sheet1,16,379405,TFG AL RABIE ORANGE JUCIE 8/1LTR,11,EA,4.6075,50.6825,converted
Sheet1,17,BR000097,BERAIN WATER BOTTLE 40/330ML,8120,EA,0.225,1827.0001,converted
Sheet1,18,BR000106,COCA COLA CAN 30/250ML,262,EA,1.446333,378.9393,converted
Sheet1,19,BR000107,COCA COLA LT CAN 30/250ML,180,EA,1.446333,260.34,converted
Sheet1,20,BR000109,SPRITE CAN 30/250ML,600,EA,1.446333,867.8,converted
Sheet1,21,BR000280,NESTLE WATER 42/330ML,0,EA,0,-2.1428,converted
Sheet1,22,BR000346,KINZA CITRUS 30/250ML,300,EA,1.043333,313,converted
Sheet1,23,BR000347,KINZA ORANGE 30/250ML,120,EA,1.043333,125.2,converted
Sheet1,24,BR000349,KINZA LEMON 30/250ML,120,EA,1.043333,125.2,converted
Sheet1,25,BR000351,KINZA COLA 30/250ML,600,EA,1.043333,626,converted
Sheet1,26,132787,(TAFGA) STEEL POLISH 12/400ML,23,EA,6.002509,138.0577,converted
Sheet1,27,133443,(TAFGA) LUX SOAP ASST 72/120G,486,EA,2.403944,1168.3169,converted
Sheet1,28,140165,ROZZET HAND LIQUID SOAP PINK 4/5LTR,0,EA,0,-7.3686,converted
Sheet1,29,165437,CLOROX BLEA 6/1GALLON,144,EA,16.357474,2355.4763,converted
Sheet1,30,169246,DIXIE GLASS CLEANER 12/600ML,35,EA,2.913946,101.9881,converted
Sheet1,31,189387,COTTAGE ROSE AIR FRESHNER 12/300ML,24,EA,3.601208,86.429,converted
Sheet1,32,200361,(TAFGA) DOVE CREAM SOAP PINK 72/135G,384,EA,4.157622,1596.527,converted
Sheet1,33,218664,TFGA HAND SOAP LIQ LEMON 4/5LTR,58,EA,18.746022,1087.2693,converted
Sheet1,34,254320,TAFGA ARIEL DETERGENTS HS MB 4/3KG,50,EA,24.952102,1247.6051,converted
Sheet1,35,267425,TAFGA PIF PAF INSECT KILLER 12/300ML,12,EA,5.675633,68.1076,converted
Sheet1,36,270297,TAFGA FLASH PLUS BOWL CLEANER 12/1000ML,133,EA,3.166662,421.1661,converted
Sheet1,37,279994,TFGA WHITE DETERGENT POWDER 1/25KG,22,EA,72.010973,1584.2414,converted
Sheet1,38,330261,GENTO DISINFECTANT FLOWER 6/3LTR,54,EA,12.166663,656.9998,converted
Sheet1,39,332791,TAFGA CHLORINE TABLETS 6/200CT,1,PAK,120,120,converted
Sheet1,40,343925,TAFGA DOVE SOAP 72/75G,120,EA,2.975459,357.0551,converted
Sheet1,41,387037,FAIRY LEMON 12/900ML,194,EA,11.416669,2214.8338,converted
Sheet1,42,CH000436,CHROLINE STRIPS 1/2CT,2,EA,50,100,converted
Sheet1,43,118807,NADA UHT MILK FF 18/200ML,1230,EA,1.25,1537.5,converted
Sheet1,44,153758,A-TAFGA BONNY MILK EVAP 96/170G,194,EA,2.186782,424.2358,converted
Sheet1,45,164604,TAFGA MARGARINE 1/5/2KG,52,PAK,23.75001,1235.0005,converted
Sheet1,46,171301,TAFGA SLICED CHEESE 9/800G,18,EA,17.648206,317.6677,converted
Sheet1,47,342384,TAFGA MARAI COOKING CREAM 12/1LTR,14,EA,19.7,275.8,converted
Sheet1,48,DR000003,AL MARAI YOGURT/ZABADI FF 1/170G,60,EA,1.25,75,converted
Sheet1,49,DR000005,AL MARAI UHT MILF FF 12/1LTR,249,EA,3.410001,849.0902,converted
Sheet1,50,DR000017,AL MARAI LABAN LF VIT 1/180ML,0,EA,0,0,converted
Sheet1,51,DR000034,NADA MILK FF UHT 12/1 LTR,0,EA,0,0,converted
Sheet1,52,DR000039,AL MARAI BUTTER UNSALT 4/100/10G,86,PAK,36.153056,3109.1628,converted
Sheet1,53,DR000284,ALMARAI LABNEH FF 1/2.75KG,3,EA,66,198,converted
Sheet1,54,DR000390,AL MARAI MOZZARELLA CHEESE 6/900GM,7,EA,35.57,248.99,converted
Sheet1,55,100782,TAFGA MAKATI SOY SAUCE 12/750ML,118,EA,8.225,970.55,converted
Sheet1,56,102426,TAFGA MAGGI CUBES CHICKEN 24/24/20G,120,EA,0.814965,97.7958,converted
Sheet1,57,103023,TAFGA LUNA TOMATO PASTE 24/400G,113,EA,3.791673,428.4591,converted
Sheet1,58,110196,A-(TAFGA) AFFCO OYSTER SAUCE 12/600ML,151,EA,10.916666,1648.4165,converted
Sheet1,59,111278,TFG RIYADH/HAIEL WHITE OATS 24/400G,307,EA,3.480606,1068.5459,converted
Sheet1,60,132822,A-TAFGA SHIFA HONEY 12/500G,11,EA,19.494518,214.4397,converted
Sheet1,61,132827,CAFE EXTRA MILD 12/200G,143,EA,14.574515,2084.1556,converted
Sheet1,62,132875,TFGA CUSTARD POWDER 24/450G,42,EA,7.27551,305.5714,converted
Sheet1,63,132925,GARLIC CUPS DISP WATNIA 20/100CT,68,PAK,3.383235,230.06,converted
Sheet1,64,133054,ELKEIF THAI CHILLI WHOLE 1/5KG,5,KG,25,125,converted
Sheet1,65,133106,BASHAYER PAK VERMICELLI 48/150G,497,EA,0.880132,437.4254,converted
Sheet1,66,133501,A-GLORIA SAN HOT SAUCE 36/3Z,227,EA,0.919458,208.717,converted
Sheet1,67,138855,A-FOOM WHEAT FLOUR 1/45KG,405,KG,0.788889,319.5,converted
Sheet1,68,139287,MELLOW PULSE LENTIL BROWN WHOLE 1/15KG,0,KG,0,-40.4762,converted
Sheet1,69,139364,A-TAFGA MELLOW URID DAL 1/15KG,435,KG,6.798457,2957.329,converted
Sheet1,70,139374,TAFGA PARMEL RICE 1/40KG,0,KG,0,22.82,converted
Sheet1,71,139554,A-AL AMC CORN STARCH 1/25KG,75,KG,2.5996,194.97,converted
Sheet1,72,139779,A-TFG TOMEX BELGIUM VEG BROCOLLI 4/2.5KG,12,EA,23.090125,277.0815,converted
Sheet1,73,139791,A-GEKO FRENCH FRIES SIZE 9X9 4/2.5KG,40,EA,11.859375,474.375,converted
Sheet1,74,139799,VEG FROGEL CAULIFLOWER 1/10KG,0,CS,0,-0.0176,converted
Sheet1,75,139837,TFG BOREAL/TOMEX BELGIUM SPINACH 4/2.5KG,7,PAK,13.500014,94.5001,converted
Sheet1,76,139845,A-TFG FRESHLY FRUIT C/TAIL 6/2.5KG,7,EA,28.202643,197.4185,converted
Sheet1,77,139860,A-ADELCO BURGHUL (FINE)1/15KG,10,KG,3.6,36,converted
Sheet1,78,139862,OBA SEMOLINA 1/15KG,75,KG,4,300,converted
Sheet1,79,139868,AAA WHITE THAI RICE 1/40KG,1840,KG,2.999164,5518.4612,converted
Sheet1,80,140068,A-88 RED KIDNEY BEANS 1/15KG,285,KG,8.633822,2460.6392,converted
Sheet1,81,142007,A-MELLOW PULSE RED LENTIL 1/15KG,300,KG,4.399432,1319.8295,converted
Sheet1,82,145008,A-TAFGA REHAN JELLY S/BERRY 4/3KG,2,EA,25,50,converted
Sheet1,83,147040,TFG NIAZ BAY LEAVES 1/1KG,3,CS,15.260333,45.781,converted
Sheet1,84,147042,AL NASEEL TAFGA P/P WALNUT 1/1KG,1,CS,40.5726,40.5726,converted
Sheet1,85,147047,TFG NIAZ LEMON DRY 1/1KG,6,CS,14.7425,88.455,converted
Sheet1,86,153319,MAWASIM SARDINES TOM/SCE 100/155G,427,EA,2.280014,973.5661,converted
Sheet1,87,154783,TAFGA SB FRENCH FRIES 4/2.5KG,6,EA,13.56375,81.3825,converted
Sheet1,88,155583,A-TAFGA ADELCO HAREES TURKEY 1/10KG,40,KG,4.310557,172.4223,converted
Sheet1,89,161290,A-TFGA AFFCO TOMATO KETCHUP 4/5KG,18,EA,23.91885,430.5393,converted
Sheet1,90,166780,TAFGA REHAN SALT IODIZED 24/700G,12,EA,0.79,9.48,converted
Sheet1,91,174476,AFCO COCONUT MILK POWDER 12/300G,72,EA,9.580833,689.82,converted
Sheet1,92,176065,AL OSRA SUGAR FINE 10/2KG,18,EA,7.235844,130.2452,converted
Sheet1,93,179312,(TAFGA) MAWASIM KETCHUP 24/340G,252,EA,2.275539,573.4358,converted
Sheet1,94,179550,A-AFFCO RICE STK (P/BIHON) 30/227G-212012,121,EA,4.100905,496.2095,converted
Sheet1,95,180576,TAFGA CAMEL PICKLE MIXED 12/400G,110,EA,5.333775,586.7152,converted
Sheet1,96,180808,A-TAFGA MELLOW DAL MOONG WHL 1/15KG,90,KG,5.866667,528,converted
Sheet1,97,185208,TAFGA OLIVE OIL 12/500ML,12,EA,11.67905,140.1486,converted
Sheet1,98,185539,COCONUT MILK POWDER 12/300G,35,EA,13.877866,485.7253,converted
Sheet1,99,185818,A-TFG FRESHLY BASIL LEAVES U.S 6/5Z,7,EA,22.438929,157.0725,converted
Sheet1,100,185836,A-TAFGA FRESHLY PEPPER BLACK PWDR 6/16Z,36,EA,53.26765,1917.6354,converted
Sheet1,101,185837,A-TAFGA FRESHLY WHT PEPPER PDWR 6/16Z,15,EA,70.552273,1058.2841,converted
Sheet1,102,187167,TAFGA HOMMOS TAHINA 24/380G,85,EA,2.208331,187.7081,converted
Sheet1,103,188559,A-FOOM WHITE FLOUR 1/45KG,630,KG,0.611111,385.0002,converted
Sheet1,104,190082,A-ALMANAKIL SUMAC NO.1 1/KG,4,KG,9.2,36.8,converted
Sheet1,105,191262,A-TFGA LUNA FOUL MEDAMAS 24/400G,187,EA,1.960765,366.663,converted
Sheet1,106,191743,WADI HONEY 12/375-385G,263,EA,6.997343,1840.3011,converted
Sheet1,107,191744,TAFGA SPANISH BLACK OLIVES WHOLE 12/370G,75,EA,5.666736,425.0052,converted
Sheet1,108,191892,TAFGA LUNA RED KIDNEY BEANS 24/400G,68,EA,3.5,238,converted
Sheet1,109,198273,TAFGA M.S.G. 20/400G,17,EA,1.300047,22.1008,converted
Sheet1,110,199838,A-(TAFGA) AFFCO SWEET CORN 6/3KG,32,PAK,15.52675,496.856,converted
Sheet1,111,199922,A-TAFGA AFFCO SWEET CHILLI SAUCE 12/700ML,5,EA,7.66664,38.3332,converted
Sheet1,112,201773,TAFGA CREAM CARAMEL 4/3KG,4,PAK,25.5,102,converted
Sheet1,113,204980,TAFGA LIQ TAHINA 12/1KG,9,EA,36.083344,324.7501,converted
Sheet1,114,213346,BAIDAR POMEGRANATE MOLASSES 12/700G,3,EA,14.583333,43.75,converted
Sheet1,115,218618,TAFGA GOODY WHOLE MUSHROOM 24/400G,143,EA,7.449229,1065.2397,converted
Sheet1,116,221871,TAFGA DALAL COOKING OIL-(SAUDI) 1/18LTR,71,EA,104.273976,7403.4523,converted
Sheet1,117,242795,ALMARAI BUTTER GHEE 6/1600G,13,EA,35.905962,466.7775,converted
Sheet1,118,255114,A-UJAJ ROCK COOKING SALT 1/50KG,450,KG,0.46,207,converted
Sheet1,119,262233,TAFGA NESCAFE CLASIC COFFEE 12/200G,24,EA,19.44125,466.59,converted
Sheet1,120,262241,A-TAFGA NESTLE COFFEEMATE COFE 15/400G,125,EA,8.759678,1094.9597,converted
Sheet1,121,262511,TAFGA GOODY MACARONI ELBOW #33 24/500G,174,EA,4.302311,748.6021,converted
Sheet1,122,265809,GOODY FETTUCCINI 24/450G,81,EA,12.6825,1027.2825,converted
Sheet1,123,266115,A-TFG MAMIA ROSE WATER 12/430ML,36,EA,1.750383,63.0138,converted
Sheet1,124,267491,TAFGA CH/GARDEN MIXED PICKLE 12/1KG,38,EA,9.916668,376.8334,converted
Sheet1,125,271485,TAFGA MAWASIM/BADAR TEA BAG 36/100CT,195,PAK,5.361116,1045.4177,converted
Sheet1,126,273104,A-AFFCO FISH SAUCE 12/700ML,36,EA,4.58335,165.0006,converted
Sheet1,127,275514,TAFGA GOODY VERMICELLI CUT 24/500G,33,EA,4.275836,141.1026,converted
Sheet1,128,275516,A-TAFGA GOODY P/NUT BTR CRMY 12/340G,89,EA,10.282537,915.1458,converted
Sheet1,129,275700,A-TFGA MEHRAN BIRIYANI POWDER 48/50G,295,EA,3.958379,1167.7219,converted
Sheet1,130,275962,TAFGA GOODY MAYONNAISE 12/32Z,42,EA,19.921474,836.7019,converted
Sheet1,131,276502,A-MEHRAN KAUSRI METHILEAVES 12/50G,73,EA,1.667963,121.7613,converted
Sheet1,132,279340,A-TFGA MEHRAN TIKKA MASALA 12/50G,52,EA,3.666671,190.6669,converted
Sheet1,133,279694,AL MARAI EXTRA VIRGIN OLIVE OIL 12/500ML,12,EA,27,324,converted
Sheet1,134,280423,A-TAFGA HB MIXED FRUITS JAM 12/400G,10,EA,8.73,87.3,converted
Sheet1,135,283518,TAFGA KELLOGS CORN FLAKES 8/1KG,32,EA,19.948628,638.3561,converted
Sheet1,136,285358,EASTERN KABSA SPICE MIX 24/200G,28,EA,11.63045,325.6526,converted
Sheet1,137,307316,TFGA ADELCO CHICK PEAS PWDR INDIA 1/15KG,105,KG,4.213724,442.441,converted
Sheet1,138,367022,MAWASIM VINEGAR WHITE 4/3.78LTR,20,EA,8.75045,175.009,converted
Sheet1,139,367989,TAFGA TOMEX FROZEN CAULIFLOWER 4/2.5KG,0,EA,0,0,converted
Sheet1,140,368547,AFIA SUNFLOWER OIL 4/2.9LTR,39,EA,32.999749,1286.9902,converted
Sheet1,141,369548,TAFGA TANG MANGO 6/2 KG,6,EA,39.09585,234.5751,converted
Sheet1,142,369549,TAFGA TANG ORANGE 6/2 KG,42,EA,39.13155,1643.5251,converted
Sheet1,143,372862,TAFGA NESCAFE RED MUG INST COFEE 6/200G,43,EA,31.955556,1374.0889,converted
Sheet1,144,374218,AFIA EXTRA VIRGIN OLIVE OIL 12/1LTR,31,EA,50.500348,1565.5108,converted
Sheet1,145,376366,ALMARAI MILK POWDER F/C 2KG+500G 6/2.5KG,35,EA,77.44,2710.4,converted
Sheet1,146,378292,A-TFG AL KABEER HASHBROWN POTATO 4/2.5KG,4,EA,28.75,115,converted
Sheet1,147,379941,TAJ MAHAL PUNJABI RICE 4/10KG,28,BAG,60.41065,1691.4982,converted
Sheet1,148,381884,A-TAFGA LIPTON TEA CATERING PACK 36/100CT,191,EA,8.89171,1698.3166,converted
Sheet1,149,381887,A-TAFGA GOODY WHOLE PEELED TOMATO 6/#10,64,EA,17.902191,1145.7402,converted
Sheet1,150,385486,FRESHLY YELLOW MUSTARD PASTE 12/8OZ,213,EA,6.865116,1462.2698,converted
Sheet1,151,386163,A-MELOW INDIAN YELLOW SPLIT CHICK PEAS 1/15KG,540,KG,5.560805,3002.8345,converted
Sheet1,152,386761,GOODY PASTA #11 PENNE LISCE 24/500G,270,EA,4.277181,1154.8388,converted
Sheet1,153,386762,GOODY PASTA #20 SPAGHETTI 24/450,240,EA,4.313105,1035.1452,converted
Sheet1,154,391367,SHAMS SUNFLOWER OIL 2/9LTR,24,EA,65.00125,1560.03,converted
Sheet1,155,392483,NESCAFE CLASSIC COFFEE 12/190G,79,EA,25.3725,2004.4275,converted
Sheet1,156,401030,EASTERN GARLIC POWDER 24/200G,4,EA,9.96835,39.8734,converted
Sheet1,157,401170,A- TAFGA FRESHLY SMOKED PAPRIKA 6/16Z,4,EA,39.166675,156.6667,converted
Sheet1,158,401443,LIPTON GREEN TEA MINT 12/50/1.3G,6,PAK,16.91665,101.4999,converted
Sheet1,159,401444,LIPTON GREEN TEA LEMON 12/50/1.3G,24,PAK,16.916667,406,converted
Sheet1,160,402514,A- MAKATI CHINESE NOODLES 30/200G,146,EA,5.013421,731.9594,converted
Sheet1,161,403715,A-HB ORANGE JAM 12/400G,0,EA,0,0,converted
Sheet1,162,404298,A-TAFGA SB OKRA ZERO 20/400G,166,EA,6.4,1062.4,converted
Sheet1,163,404314,A-5 DIAMOND RAISIN 1/10KG,60,KG,17.17747,1030.6482,converted
Sheet1,164,404321,A-MELLOW LENTIL BROWN WHOLE 1/15KG,180,KG,4.162565,749.2617,converted
Sheet1,165,404322,A-ADELCO COCONUT POWDR 1/7KG,1,EA,93.1168,93.1168,converted
Sheet1,166,404324,A- ALBAYAT SAUDI SUGAR 1/50KG,1150,KG,2.232922,2567.8607,converted
Sheet1,167,404330,A-TOMEX GREEN PEAS 4/2.5KG,108,EA,15.924119,1719.8049,converted
Sheet1,168,404331,A-TOMEX CUT GREEN BEAN 4/2.5KG,60,EA,15.157793,909.4676,converted
Sheet1,169,404332,A-TOMEX VEG MIXED VEG 4/2.5KG,37,EA,14.383149,532.1765,converted
Sheet1,170,404344,A-NASEEL MUSTARD WHOLE 1/1KG,1,KG,8,8,converted
Sheet1,171,404349,A- SPIXA CASHEW NUTS 1/1KG,18,KG,41.154906,740.7883,converted
Sheet1,172,404350,A- SPIXA ALMONDS 1/1KG,12,KG,36.064,432.768,converted
Sheet1,173,404352,A- SPIXA WALNUT 1/1KG,12,KG,39,468,converted
Sheet1,174,404353,A- SPIXA PISTACHIO CLEAN 1/1KG,19,KG,89.748,1705.212,converted
Sheet1,175,404355,A- NASEEL WHITE SESAME SEEDS 1/1KG,2,KG,13.8,27.6,converted
Sheet1,176,404596,A-NASEEL LEMON SALT 1/1KG,2,KG,19,38,converted
Sheet1,177,404682,A-AL MANAKEL PAPRIKA SWEET JAR 6/1KG,6,KG,25.76,154.56,converted
Sheet1,178,404968,NIAZ CORIANDER WHOLE (L189) 1/1KG,15,KG,12.096647,181.4497,converted
Sheet1,179,405128,FC FOOD COLOUR RED 6/12/28ML,8,PAK,33,264,converted
Sheet1,180,429366,TFG MOONATY LEMON JUICE 12/1LTR,83,EA,4.294039,356.4052,converted
Sheet1,181,430698,RASNA POWDERED DRINK MANGO 6/2KG,5,EA,26.66664,133.3332,converted
Sheet1,182,GR000041,SHAN CURRY POWDER 10/1KG,143,EA,19.002413,2717.3451,converted
Sheet1,183,GR000042,SHAN RED CHILLI POWDER 10/1KG,105,EA,19.002124,1995.223,converted
Sheet1,184,GR000043,SHAN TURMERIC POWDER 10/1KG,115,EA,14.973308,1721.9304,converted
Sheet1,185,GR000553,SHAN CORIANDER POWDER 10/1KG,129,KG,14.5,1870.5,converted
Sheet1,186,GR000554,SHAN CUMIN WHOLE 10/1KG,52,KG,22.25136,1157.0707,converted
Sheet1,187,GR000583,SHAN CUMIN POWDER 10/1KG,31,KG,29,899,converted
Sheet1,188,GR001017,SHAN BLACK PEPPER WHOLE 10/1KG,20,KG,36,720,converted
Sheet1,189,GR001018,MAA HALEEM MASALA 10/1KG,1,KG,33.5,33.5,converted
Sheet1,190,GR001426,NZMP WHOLE MILK POWDER 1/25KG,235,KG,23.534685,5530.6509,converted
Sheet1,191,GR001943,SHAN KORMA MASALA 10/1KG,71,KG,45.009149,3195.6496,converted
Sheet1,192,GR002099,MAA NIHARI MASALA 48/60G,46,EA,3.22917,148.5418,converted
Sheet1,193,GR002526,BLACK CARDAMON INDIA 1/1KG,0.2,KG,113,22.6,converted
Sheet1,194,GR002636,SHAN TANDOORI MASALA 1/1KG,2,KG,33.5,67,converted
Sheet1,195,GR003046,AMAL CHICK PEAS # 07 1/15KG,840,KG,4.294154,3607.0894,converted
Sheet1,196,GR003330,AKBRI PUNJABI BASMATI RICE 4/10KG,266,PAK,64.74359,17221.7949,converted
Sheet1,197,GR003477,NIAZ BLACK PEPPER WHOLE 1/1KG,6,KG,36,216,converted
Sheet1,198,GR003481,NIAZ CINNAMON STICK 1/1KG,11,KG,18.838455,207.223,converted
Sheet1,199,GR003482,NIAZ CLOVE WHOLE 1/1KG,9,KG,47,423,converted
Sheet1,200,GR003571,NIAZ CARDAMON 1/1KG,7,KG,147.5,1032.5,converted
Sheet1,201,GR003677,NIAZ BASMATI EXTRA LONG GRAIN XXL 1/40KG,2600,KG,6.45,16770,converted
Sheet1,202,GR003698,MAA CHAAT MASALA TUB 6/750G,4,EA,22.5,90,converted
Sheet1,203,GR003726,Falcon Indian Long Grain Parboiled Rice 1/40 KG,1240,KG,3.144445,3899.1112,converted
Sheet1,204,134212,MUTTON CARCAS AUST U-16 1/1KG,801.07,KG,29.5,23631.565,converted
Sheet1,205,134213,MUTTON CARCASS UNDER 20 1/1KG,558.51,KG,27.6117,15421.4105,converted
Sheet1,206,141396,BEEF INDIAN B/LES FOREQUARTER FROZEN 1KG,394,KG,21.068218,8300.8777,converted
Sheet1,207,307970,AL KABEER BEEF BURGER ONN BIG 8/1200G,42,EA,25,1050,converted
Sheet1,208,MT000237,FROZ BEEF FEET 1/1KG(NATURA FRIG),40,KG,8.408785,336.3514,converted
Sheet1,209,115918,A-TFG DAIM/ORINEX CUTRIT WAX PPR 24/75SQFT,12,EA,5.883342,70.6001,converted
Sheet1,210,116248,TAFGA GULF PLASTIC TRAY #3 20/50CT,36,PAK,6.480833,233.31,converted
Sheet1,211,116281,PLASCO ROUND PLATE #22 10/50CT,10,PAK,8.5,85,converted
Sheet1,212,132767,KITCHEN CLOTH TOWEL 1/12CT,72,EA,1.073821,77.3151,converted
Sheet1,213,132774,MOP HEAD 24Z 1/EA,2,EA,9.8,19.6,converted
Sheet1,214,132777,MOP HANDLE (METAL) 1/EA,10,EA,13.59077,135.9077,converted
Sheet1,215,132779,NIBCO HAND BRUSH (SOFT) 1/EA,3,EA,4.900533,14.7016,converted
Sheet1,216,132784,HARD BROOM W/STICK(18IN) 1/EA,4,EA,8.924425,35.6977,converted
Sheet1,217,132785,"HERO BLACK SOFTBROOM W/STK 16"" 1/EA",6,EA,11.76045,70.5627,converted
Sheet1,218,132791,GLOVE DISP 100/100CT,376,PAK,1.506823,566.5655,converted
Sheet1,219,132795,RUBBER WIPER 45CM 1/EA,8,EA,9.800075,78.4006,converted
Sheet1,220,132915,TAFGA RUBBER WIPER 75CM 1/EA,14,EA,16.66,233.24,converted
Sheet1,221,133204,TAFGA HYNAP NAPKIN 40/250CT,232,PAK,3.624637,840.9159,converted
Sheet1,222,133229,AFFCO ROUND TOOTHPICK 12/150'S,24,EA,0.416696,10.0007,converted
Sheet1,223,133283,TFGA TRASH BAG BLUE 10-GAL(3KG) 17/30CT,340,PAK,1.388235,472,converted
Sheet1,224,133442,WRAPPED TOOTHPICK 1/1000'S,2,CS,4.7267,9.4534,converted
Sheet1,225,139876,CAKE BOXES 30/30/12CM /EA,47,EA,0.80003,37.6014,converted
Sheet1,226,140060,TAFGA FOAM LUNCH BOX LB3L 1/100'S,3,CS,24.193533,72.5806,converted
Sheet1,227,140074,ALUMINUM 3 COMP #800/45 1/600CT,7800,EA,0.33852,2640.4592,converted
Sheet1,228,140104,INDUSTRIAL WHITE P/TOWEL 80MTR 12/1ROL,708,EA,3.079985,2180.6292,converted
Sheet1,229,159935,SANDWICH PAPER 20/500CT,38,PAK,5.278153,200.5698,converted
Sheet1,230,164553,TFGA BAMBOO SKEWER 25CM ROSE 1/100CT,16,CS,1.784531,28.5525,converted
Sheet1,231,165042,KRAFT PAPER BAG #10 1/10KG,300,KG,7.863355,2359.0065,converted
Sheet1,232,165119,GENPACK CONE WATER CUP-US 25/200CT,31,PAK,6.8272,211.6432,converted
Sheet1,233,165121,STEEL WOOL HEAVY DUTY 1/48CT,209,EA,1.333334,278.6668,converted
Sheet1,234,169798,TAFGA RUBBER HAND GLOVES 10-10.5 12/EA,168,EA,2.08485,350.2548,converted
Sheet1,235,172309,AL HASA TRASH BAG #50 GAL 1/3KG,8,KG,43.622012,348.9761,converted
Sheet1,236,177650,TFG MAXI ROLL 300MTR 6/1ROLL,52,EA,5.63505,293.0226,converted
Sheet1,237,179369,TAFGA CHARCOAL LIGHTER FUEL 12/16Z,23,EA,11.953183,274.9232,converted
Sheet1,238,185024,NURSE'S CAP 10/100CT,56,EA,3.93685,220.4636,converted
Sheet1,239,185025,APRON DISP 10/100 CT,44,PAK,4.91625,216.315,converted
Sheet1,240,185784,TAFGA GULF PLASTIC SPOONS 20/50PCS,1320,PAK,1.679051,2216.3476,converted
Sheet1,241,187421,TAFGA OVEN CLEANER 12/300ML,12,EA,18.333333,220,converted
Sheet1,242,188273,TAFGA SCOURING PAD MAOG 40/9CT,42,PAK,7.10215,298.2903,converted
Sheet1,243,191976,TAFGA ALUMINUM FOIL 6X45X.014MICX100MTR,72,EA,26.896279,1936.5321,converted
Sheet1,244,192337,MOP HEAD RED COLOR 16Z 1/EA,6,EA,9.802867,58.8172,converted
Sheet1,245,192338,MOP HEAD BLUE COLOR 16Z 1/EA,7,EA,9.800029,68.6002,converted
Sheet1,246,204787,TAFGA DUST PAN WITH BRUSH 1/EA,5,EA,4.9,24.5,converted
Sheet1,247,235499,AR # KLEENEX TT 500 SHTS-ARAMCO 8/12ROLL,23,PAK,22.00007,506.0016,converted
Sheet1,248,235591,TOILET BRUSH WITH STAND 1/EA,9,EA,4.66,41.94,converted
Sheet1,249,237694,TAFGA DUST PAN W/BRUSH LONG HNDL 1/EA,2,EA,9.8,19.6,converted
Sheet1,250,238216,FACE MASK EAR LOOP 3PLY GREN/BLUE 1/50CT,65,PAK,2.898557,188.4062,converted
Sheet1,251,240013,TAFGA PLEDGE F/POLISH NATURAL 12/300ML,26,EA,9.583335,249.1667,converted
Sheet1,252,242108,KLEENEX FT COMFORT TOUCH 36/70 -100CT,348,PAK,2.166968,754.1048,converted
Sheet1,253,248759,ORINX/JAMA VINYL GLV PWD FRE LR 10/100CT,46,PAK,5.655728,260.1635,converted
Sheet1,254,263304,TAFGA AL SHARQIA CHARCOAL 1/4KG,46,CS,20.012774,920.5876,converted
Sheet1,255,279433,TAFGA SUFRA MEDIUM 10/30CT,20,PAK,2.810585,56.2117,converted
Sheet1,256,280902,TAFGA CHAFFING FUEL ADJUST/WICK 1/24EA,234,EA,2.666667,624,converted
Sheet1,257,284926,TAFGA FABRIC SOFTNER 8/2LT,80,EA,10.255291,820.4233,converted
Sheet1,258,315827,ALUMINUM FOIL CONT. #1135.400/CT,30800,EA,0.35,10780,converted
Sheet1,259,360324,TAFGA VVIP CUTLRY 8PC CLEAR 1/400CT,580,EA,0.500365,290.2117,converted
Sheet1,260,388586,ALUMINUM 3 COMP LID 800/45 1/500CT,5000,EA,0.002,10,converted
Sheet1,261,391639,AR # KLEENEX UCTAD ROL TWEL #6272 1/6CT,46,EA,21.18325,974.4295,converted
Sheet1,262,395605,TEA SPOON SMALL 1/1000CT,4000,EA,0.03,120,converted
Sheet1,263,395608,A-TAFGA LOGO SHOPPING BAG BIODEGRADEABLE MED 1/20KG,160,KG,6.8,1088,converted
Sheet1,264,400188,TAFGA DOUBLE WALL CUP GOLDEN 9Z 1/500CT,500,EA,0.206,103,converted
Sheet1,265,400731,KOOZ HOT CUPS W/ HANDLE GOLD 1/1000CT,39000,EA,0.085229,3323.9248,converted
Sheet1,266,422720,TAFGA JASEER CLING FILM 45CM 6KG 6/1600M,29,EA,38.542072,1117.7201,converted
Sheet1,267,OP000050,PLASTIC FORK 20/50CT(CATER PACK),60,PAK,1.35,81,converted
Sheet1,268,OP000380,SANDWICH BAG # 6 1/10KG,100,KG,3.75,375,converted
Sheet1,269,OP001697,REGULAR CUTLRY SET 1/200CT,1190,EA,0.72,856.8,converted
Sheet1,270,OP001718,MICROWAVE CONTAINER W/LID BLACK 500ML 1/250CT,650,EA,0.4,260,converted
Sheet1,271,OP001719,ALUMINIUM CONTAINER ROUND 1/600CT,2800,EA,0.241667,676.6664,converted
Sheet1,272,OP001728,MICROWAVE CONTAINER RECTANGLE BLACK W/LID 1/150CT,650,EA,0.873333,567.6666,converted
Sheet1,273,OP001733,"DOILIES PAPER RECTANGLR 17.5X12.5""/470X317MM 30/35CT",118,PAK,5.179171,611.1422,converted
Sheet1,274,OP001877,SHOPPING BAG MEDIUM 1/20KG,420,KG,7.000052,2940.022,converted
Sheet1,275,OP002597,BLOOD BANK MEAL BOX 12X22X8CM 1/1EA,5000,EA,0.65,3250,converted
Sheet1,276,OP002722,TRASH BAG BLUE 10 GAL 1/3KG,24,EA,17,408,converted
Sheet1,277,OP002898,FOIL WARP HUMBURGER 1/2000CT,11500,EA,0.092,1058,converted
Sheet1,278,OP002971,AL HASA TRASH BAG 50 GAL 3KG 1/7PAK,98,PAK,12.000001,1176.0001,converted
Sheet1,279,OP003035,PLASTIC CONTENER WHITE 250 1/1000CT,50000,EA,0.118,5900,converted
Sheet1,280,OP003260,JASCO BRAND PLASTIC CONTAINER W/LID 250G 1/1000CT,5000,EA,0.069999,349.9957,converted
Sheet1,281,OP003629,JASCO BRAND PLASTIC CONTAINER 450G 1/1000CT,7000,EA,0.1,700,converted
Sheet1,282,OP003631,ALUMINIUM CONTAINERS 2 COMPARTMENT 1/500CT,3800,EA,0.46,1748,converted
Sheet1,283,OP003635,MICROWAVEABLE CONTAINERS ROUND 450ML BLACK 1/500CT,2300,EA,0.134,308.2,converted
Sheet1,284,132996,AFFCO LUNCHEON CHICKEN MEAT 24/200G,124,EA,5.088413,630.9632,converted
Sheet1,285,134696,DOUX CHICKEN FROZEN 10/900G,0,EA,0,94.2883,converted
Sheet1,286,142110,SAEDCO FRESH EGGS MEDIUM 12/30 CT,454,PAK,12.989999,5897.4594,converted
Sheet1,287,179446,TAFGA CHICKEN WINGS 1/5KG,95,KG,6.5,617.5,converted
Sheet1,288,180259,TFG AMERICANA LOCAL CHICKEN BREAST1/10KG,242.5,KG,17.238869,4180.4257,converted
Sheet1,289,182833,A-TAFGA AMERICANA CHICKEN FRANK 24/340G,203,EA,2.494906,506.466,converted
Sheet1,290,189015,TAFGA LOCAL TANMIAH CHICKEN 10/900G,1110,EA,11.838,13140.18,converted
Sheet1,291,205101,TANMIAH FRESH CHICKEN 1/900G,6,EA,14,84,converted
Sheet1,292,307852,AL KABEER CHICKEN BURGER BIG 8/1200G,38,EA,28.75,1092.5,converted
Sheet1,293,357255,ADDOHA FRESH CHICKEN WHOLE IN BAG 1/900G,210,EA,13.4,2814,converted
Sheet1,294,398635,ZAMIL CHICKEN FRANKS 24/340G,0,EA,0,0.9308,converted
Sheet1,295,PR000002,CABBAGE (LOCAL),39,KG,2.5,97.5,converted
Sheet1,296,PR000005,TOMATO (ADY),292,KG,3,876,converted
Sheet1,297,PR000009,GREEN PEPPER (LBN),15,KG,5,75,converted
Sheet1,298,PR000010,CUCUMBER (ADY),190,KG,3,570,converted
Sheet1,299,PR000012,EGGPANT (BIG),28,KG,2.5,70,converted
Sheet1,300,PR000014,MARROW (BIG),80,KG,3,240,converted
Sheet1,301,PR000016,GREEN CHILLI (INDIAN),27,KG,8,216,converted
Sheet1,302,PR000018,GARLIC (CHINA),43,KG,6,258,converted
Sheet1,303,PR000019,GINGER (CHINA),52,KG,6,312,converted
Sheet1,304,PR000020,DRY ONION (LOCAL),378,KG,4,1512,converted
Sheet1,305,PR000022,POTATO (LOCAL),387,KG,2.5,967.5,converted
Sheet1,306,PR000024,YELLOW PUMPKUIN,10,KG,3,30,converted
Sheet1,307,PR000026,CARROT (AUSTALIA/CHINA),67,KG,6,402,converted
Sheet1,308,PR000027,LONG MARROW,120,KG,3,360,converted
Sheet1,309,PR000030,BITTERGOURD (LOCAL),34,KG,7,238,converted
Sheet1,310,PR000031,GREEN BEANS,16,KG,8,128,converted
Sheet1,311,PR000032,CAULIFLOWER (LOCAL),45,KG,3,135,converted
Sheet1,312,PR000041,PAPPAYA,4,KG,8,32,converted
Sheet1,313,PR000045,LETTUCE (LOCAL),37,KG,3,111,converted
Sheet1,314,PR000048,OKRA (LOCAL),9,KG,8,72,converted
Sheet1,315,PR000049,ONION (WHITE),27,KG,2.5,67.5,converted
Sheet1,316,PR000058,PARSELY (BDL),10,BDL,1.5,15,converted
Sheet1,317,PR000059,GERGER (BDL),13,BDL,1.5,19.5,converted
Sheet1,318,PR000060,MINT (BDL),27,BDL,1.5,40.5,converted
Sheet1,319,PR000061,SPINACH (BDL),34,BDL,1.5,51,converted
Sheet1,320,PR000062,CORIANDER LEAVES (BDL),144,BDL,1.5,216,converted
Sheet1,321,PR000065,GREEN ONION (BDL),0,BDL,0,0,converted
Sheet1,322,PR000070,APPLE (GREEN),0,KG,0,0,converted
Sheet1,323,PR000072,APPLE (GALA) (USA/ITALY),198,KG,7,1386,converted
Sheet1,324,PR000074,BANANA (ADY),247,KG,5,1235,converted
Sheet1,325,PR000076,MANGO,16,KG,10,160,converted
Sheet1,326,PR000077,PEACHES,4,KG,10,40,converted
Sheet1,327,PR000078,KIWI FRUIT,3,KG,12,36,converted
Sheet1,328,PR000081,GRAPES BLACK (AFRICAN),4,KG,12,48,converted
Sheet1,329,PR000083,RED PLUMS,4,KG,10,40,converted
Sheet1,330,PR000084,WATERMELONS,17,KG,2.5,42.5,converted
Sheet1,331,PR000085,SWEETMELONS,23,KG,3,69,converted
Sheet1,332,PR000090,LEMON (AFRICAN/TURKEY),43,KG,6,258,converted
Sheet1,333,PR000092,ORANGE (AFRICAN/EGYPT) NAVEL (CLASS A),192,KG,4,768,converted
Sheet1,334,PR000093,MANDRINE MOROCCO,3,KG,7,21,converted
Sheet1,335,PR000095,STRAWBERRIES (USA),0,KG,0,0,converted
Sheet1,336,PR000097,GUAVA,1,KG,8,8,converted
Sheet1,337,PR000099,POMEGRANATE,3,KG,10,30,converted
Sheet1,338,PR000105,RED PEPPER,4,KG,15,60,converted
Sheet1,339,PR000106,YELLOW PEPPER,4,KG,15,60,converted
Sheet1,340,PR000107,GRAPES WHITE (AFRICAN),3,KG,12,36,converted
Sheet1,341,PR000113,DRISCOLL'S BLUE BERRY 1/170G,0,EA,0,0,converted
Sheet1,342,PR000114,DRISCOLL'S RAS BERRY 1/170G,0,EA,0,0,converted
Sheet1,343,134884,TAFGA INDIAN MACKEREL FISH ORIGINAL 1/KG,10,KG,6.50026,65.0026,converted
Sheet1,344,144669,TAFGA WHITE / HAMOUR FISH FILLET 1/1KG,450,KG,10.450217,4702.5976,converted
Sheet1,345,163290,FISH MILK FISH 500/800 /KG,140,KG,15.410389,2157.4545,converted
Sheet1,346,192264,RUHI FISH 1/KG,180,KG,13,2340,converted
Sheet1,347,267650,MAWASIM/GOLDEN LT MEAT TUNA 48/160G,590,EA,2.666786,1573.4039,converted
Sheet1,348,275412,TAFGA KFS TALAPIA CLEAN 1/KG,190,KG,9.050709,1719.6348,converted
Sheet1,349,306998,RUHI FISH 1/2.5KG,300,KG,15,4500,converted
Sheet1,350,SF000030,FRESH HAMOUR FISH 1/1 KG,15,KG,45,675,converted
