name,recipe_code,description,recipe_type,cuisine_type,category,servings,portion_size_grams,ingredients,sub_recipes,instructions,prep_time_minutes,cook_time_minutes,allergens,site_scope,site_ids,site_names,image_url,is_active
Beef Caldareta Philippines Filipino KBR-384 1 Serving,PH-001-BEEFCALDARET,Beef Caldareta Philippines converted from 10-person Filipino source recipe to 1 serving.,Filipino,Filipino,Main Course,1,900.4,"[{""ingredient_name"":""BEEF INDIAN B/LES FOREQUARTER FROZEN 1KG"",""quantity"":181.44,""unit"":""g"",""item_code"":""141396"",""ingredient_id"":""""},{""ingredient_name"":""TAFGA DALAL COOKING OIL-(SAUDI) 1/18LTR"",""quantity"":0.012,""unit"":""l"",""item_code"":""221871"",""ingredient_id"":""""},{""ingredient_name"":""POTATO (LOCAL)"",""quantity"":72,""unit"":""g"",""item_code"":""PR000022"",""ingredient_id"":""""},{""ingredient_name"":""CARROT (AUSTALIA/CHINA)"",""quantity"":40,""unit"":""g"",""item_code"":""PR000026"",""ingredient_id"":""""},{""ingredient_name"":""DRY ONION (LOCAL)"",""quantity"":30,""unit"":""g"",""item_code"":""PR000020"",""ingredient_id"":""""},{""ingredient_name"":""GARLIC (CHINA)"",""quantity"":2.4,""unit"":""g"",""item_code"":""PR000018"",""ingredient_id"":""""},{""ingredient_name"":""A-TAFGA GOODY WHOLE PEELED TOMATO 6/#10"",""quantity"":0.096,""unit"":""l"",""item_code"":""381887"",""ingredient_id"":""""},{""ingredient_name"":""TAFGA LUNA TOMATO PASTE 24/400G"",""quantity"":6,""unit"":""g"",""item_code"":""103023"",""ingredient_id"":""""},{""ingredient_name"":""(TAFGA) NOVA WATER 24/0.55-0.6LTR"",""quantity"":0.096,""unit"":""l"",""item_code"":""224894"",""ingredient_id"":""""},{""ingredient_name"":""GREEN PEPPER (LBN)"",""quantity"":262.5,""unit"":""g"",""item_code"":""PR000009"",""ingredient_id"":""""},{""ingredient_name"":""Liver Spread"",""quantity"":24,""unit"":""g"",""item_code"":""PHMIS-001"",""ingredient_id"":""""},{""ingredient_name"":""TAFGA SLICED CHEESE 9/800G"",""quantity"":24,""unit"":""g"",""item_code"":""171301"",""ingredient_id"":""""},{""ingredient_name"":""TAFGA SPANISH BLACK OLIVES WHOLE 12/370G"",""quantity"":24,""unit"":""g"",""item_code"":""191744"",""ingredient_id"":""""},{""ingredient_name"":""GREEN PEPPER (LBN)"",""quantity"":30,""unit"":""g"",""item_code"":""PR000009"",""ingredient_id"":""""},{""ingredient_name"":""GREEN PEPPER (LBN)"",""quantity"":0.1,""unit"":""g"",""item_code"":""PR000009"",""ingredient_id"":""""}]",[],"Beef: 4 lbs (approx. 2 kg) beef chuck or bottom round, cut into 2-inch cubes | Cooking Oil: 1/2 cup | Potatoes: 4 large, peeled and cut into 2-inch cubes | Carrots: 4 large, peeled and cut into 2-inch cubes | Onions: 2 large, peeled and chopped | Garlic: 8 cloves, peeled and minced | Tomato Sauce: 4 cups | Tomato Paste: 1/4 cup | Water or Beef Broth: 4 cups | Thai Chili Peppers (Siling Labuyo): 15–20 pieces, minced (adjust for desired heat) | Liver Spread: 1 cup (adds signature richness and thickness) | Cheddar Cheese: 1 cup, shredded or cubed | Green Olives: 1 cup, pitted | Bell Peppers: 2 medium (1 red, 1 green), sliced into cubes | Salt and Pepper: To taste",,,[],specific,"[""KBR-384""]","[""KBR""]",,true
Beef Steak Philippines Filipino KBR-384 1 Serving,PH-002-BEEFSTEAKPHI,Beef Steak Philippines converted from 10-person Filipino source recipe to 1 serving.,Filipino,Filipino,Main Course,1,333.7,"[{""ingredient_name"":""BEEF INDIAN B/LES FOREQUARTER FROZEN 1KG"",""quantity"":158.76,""unit"":""g"",""item_code"":""141396"",""ingredient_id"":""""},{""ingredient_name"":""TAFGA MAKATI SOY SAUCE 12/750ML"",""quantity"":0.03,""unit"":""l"",""item_code"":""100782"",""ingredient_id"":""""},{""ingredient_name"":""LEMON (AFRICAN/TURKEY)"",""quantity"":12,""unit"":""g"",""item_code"":""PR000090"",""ingredient_id"":""""},{""ingredient_name"":""A-TAFGA FRESHLY PEPPER BLACK PWDR 6/16Z"",""quantity"":0.27,""unit"":""g"",""item_code"":""185836"",""ingredient_id"":""""},{""ingredient_name"":""GARLIC (CHINA)"",""quantity"":2.4,""unit"":""g"",""item_code"":""PR000018"",""ingredient_id"":""""},{""ingredient_name"":""ONION (WHITE)"",""quantity"":60,""unit"":""g"",""item_code"":""PR000049"",""ingredient_id"":""""},{""ingredient_name"":""TAFGA DALAL COOKING OIL-(SAUDI) 1/18LTR"",""quantity"":0.009,""unit"":""l"",""item_code"":""221871"",""ingredient_id"":""""},{""ingredient_name"":""(TAFGA) NOVA WATER 24/0.55-0.6LTR"",""quantity"":0.06,""unit"":""l"",""item_code"":""224894"",""ingredient_id"":""""},{""ingredient_name"":""AL OSRA SUGAR FINE 10/2KG"",""quantity"":1.25,""unit"":""g"",""item_code"":""176065"",""ingredient_id"":""""}]",[],"3 to 4 lbs beef sirloin or chuck steak, sliced thin | 1 & 1/4 cups soy sauce | 1/2 cup calamansi juice (or substitute fresh lemon/lime juice) | 1 tsp ground black pepper | 8 cloves garlic, minced | 4 large white onions, sliced into rings | 6 tbsp cooking oil (divided) | 2 & 1/2 cups water | 1 tbsp brown sugar or sugar (optional, to balance saltiness)",,,[],specific,"[""KBR-384""]","[""KBR""]",,true
Ch.Luncheon Chicken / Beef Philippines Filipino KBR-384 1 Serving,PH-003-CHLUNCHEONCH,Ch.Luncheon Chicken / Beef Philippines converted from 10-person Filipino source recipe to 1 serving.,Filipino,Filipino,Main Course,1,139.3,"[{""ingredient_name"":""TANMIAH FRESH CHICKEN 1/900G"",""quantity"":100,""unit"":""g"",""item_code"":""205101"",""ingredient_id"":""""},{""ingredient_name"":""SAEDCO FRESH EGGS MEDIUM 12/30 CT"",""quantity"":0.2,""unit"":""pieces"",""item_code"":""142110"",""ingredient_id"":""""},{""ingredient_name"":""A-AL AMC CORN STARCH 1/25KG"",""quantity"":4.8,""unit"":""g"",""item_code"":""139554"",""ingredient_id"":""""},{""ingredient_name"":""A-FOOM WHITE FLOUR 1/45KG"",""quantity"":3.2,""unit"":""g"",""item_code"":""188559"",""ingredient_id"":""""},{""ingredient_name"":""AL OSRA SUGAR FINE 10/2KG"",""quantity"":5,""unit"":""g"",""item_code"":""176065"",""ingredient_id"":""""},{""ingredient_name"":""TAFGA REHAN SALT IODIZED 24/700G"",""quantity"":1.8,""unit"":""g"",""item_code"":""166780"",""ingredient_id"":""""},{""ingredient_name"":""A-TAFGA FRESHLY PEPPER BLACK PWDR 6/16Z"",""quantity"":0.54,""unit"":""g"",""item_code"":""185836"",""ingredient_id"":""""},{""ingredient_name"":""TAFGA MAKATI SOY SAUCE 12/750ML"",""quantity"":0.003,""unit"":""l"",""item_code"":""100782"",""ingredient_id"":""""},{""ingredient_name"":""NADA UHT MILK FF 18/200ML"",""quantity"":0.006,""unit"":""l"",""item_code"":""118807"",""ingredient_id"":""""},{""ingredient_name"":""TAFGA DALAL COOKING OIL-(SAUDI) 1/18LTR"",""quantity"":0.003,""unit"":""l"",""item_code"":""221871"",""ingredient_id"":""""},{""ingredient_name"":""GARLIC (CHINA)"",""quantity"":1.5,""unit"":""g"",""item_code"":""PR000018"",""ingredient_id"":""""},{""ingredient_name"":""paprika powder color"",""quantity"":0.46,""unit"":""g"",""item_code"":""PHMIS-002"",""ingredient_id"":""""}]",[],"1 kg ground chicken/Beef | 2 large eggs | 6 tbsp cornstarch | 4 tbsp all-purpose flour | 4 tbsp sugar | 3 tsp salt | 2 tsp ground black pepper | 2 tbsp soy sauce | 4 tbsp milk | 2 tbsp cooking oil | 4 to 6 cloves garlic, minced (optional) | 2 tsp paprika powder for color (optional)",,,[],specific,"[""KBR-384""]","[""KBR""]",,true
Chicken Adobo Philippines Filipino KBR-384 1 Serving,PH-004-CHICKENADOBO,Chicken Adobo Philippines converted from 10-person Filipino source recipe to 1 serving.,Filipino,Filipino,Main Course,1,406.3,"[{""ingredient_name"":""TANMIAH FRESH CHICKEN 1/900G"",""quantity"":294.84,""unit"":""g"",""item_code"":""205101"",""ingredient_id"":""""},{""ingredient_name"":""TAFGA MAKATI SOY SAUCE 12/750ML"",""quantity"":0.036,""unit"":""l"",""item_code"":""100782"",""ingredient_id"":""""},{""ingredient_name"":""MAWASIM VINEGAR WHITE 4/3.78LTR"",""quantity"":0.024,""unit"":""l"",""item_code"":""367022"",""ingredient_id"":""""},{""ingredient_name"":""GARLIC (CHINA)"",""quantity"":5.25,""unit"":""g"",""item_code"":""PR000018"",""ingredient_id"":""""},{""ingredient_name"":""SHAN BLACK PEPPER WHOLE 10/1KG"",""quantity"":1.2,""unit"":""g"",""item_code"":""GR001017"",""ingredient_id"":""""},{""ingredient_name"":""TFG NIAZ BAY LEAVES 1/1KG"",""quantity"":0.23,""unit"":""g"",""item_code"":""147040"",""ingredient_id"":""""},{""ingredient_name"":""(TAFGA) NOVA WATER 24/0.55-0.6LTR"",""quantity"":0.042,""unit"":""l"",""item_code"":""224894"",""ingredient_id"":""""},{""ingredient_name"":""AL OSRA SUGAR FINE 10/2KG"",""quantity"":1.25,""unit"":""g"",""item_code"":""176065"",""ingredient_id"":""""},{""ingredient_name"":""TAFGA OLIVE OIL 12/500ML"",""quantity"":0.0015,""unit"":""l"",""item_code"":""185208"",""ingredient_id"":""""}]",[],"Chicken: 6 to 7 lbs (about 3 kg) bone-in, skin-on chicken thighs and drumsticks. | Soy Sauce: 1.5 cups regular or light soy sauce. | Vinegar: 1 cup cane vinegar (or white vinegar). | Garlic: 15 to 20 cloves, peeled and crushed (plus extra minced garlic for frying if desired). | Peppercorns: 1.5 tablespoons whole black peppercorns. | Bay Leaves: 8 to 10 dried bay leaves. | Water: 1.5 to 2 cups. | Sugar: 1 tablespoon brown sugar (optional, to balance acidity). | Oil: 1 tablespoon neutral oil for searing.",,,[],specific,"[""KBR-384""]","[""KBR""]",,true
Chicken Adobo coconut Philippines Filipino KBR-384 1 Serving,PH-005-CHICKENADOBO,Chicken Adobo coconut Philippines converted from 10-person Filipino source recipe to 1 serving.,Filipino,Filipino,Main Course,1,480.2,"[{""ingredient_name"":""TANMIAH FRESH CHICKEN 1/900G"",""quantity"":250,""unit"":""g"",""item_code"":""205101"",""ingredient_id"":""""},{""ingredient_name"":""TAFGA MAKATI SOY SAUCE 12/750ML"",""quantity"":0.03,""unit"":""l"",""item_code"":""100782"",""ingredient_id"":""""},{""ingredient_name"":""MAWASIM VINEGAR WHITE 4/3.78LTR"",""quantity"":0.03,""unit"":""l"",""item_code"":""367022"",""ingredient_id"":""""},{""ingredient_name"":""AFCO COCONUT MILK POWDER 12/300G"",""quantity"":0.06,""unit"":""l"",""item_code"":""174476"",""ingredient_id"":""""},{""ingredient_name"":""GARLIC (CHINA)"",""quantity"":9.75,""unit"":""g"",""item_code"":""PR000018"",""ingredient_id"":""""},{""ingredient_name"":""TFG NIAZ BAY LEAVES 1/1KG"",""quantity"":0.34,""unit"":""g"",""item_code"":""147040"",""ingredient_id"":""""},{""ingredient_name"":""SHAN BLACK PEPPER WHOLE 10/1KG"",""quantity"":1.2,""unit"":""g"",""item_code"":""GR001017"",""ingredient_id"":""""},{""ingredient_name"":""TAFGA OLIVE OIL 12/500ML"",""quantity"":0.0045,""unit"":""l"",""item_code"":""185208"",""ingredient_id"":""""},{""ingredient_name"":""GREEN PEPPER (LBN)"",""quantity"":2.5,""unit"":""g"",""item_code"":""PR000009"",""ingredient_id"":""""},{""ingredient_name"":""AL OSRA SUGAR FINE 10/2KG"",""quantity"":1.88,""unit"":""g"",""item_code"":""176065"",""ingredient_id"":""""},{""ingredient_name"":""AL OSRA SUGAR FINE 10/2KG"",""quantity"":20,""unit"":""g"",""item_code"":""176065"",""ingredient_id"":""""},{""ingredient_name"":""AL OSRA SUGAR FINE 10/2KG"",""quantity"":30,""unit"":""g"",""item_code"":""176065"",""ingredient_id"":""""},{""ingredient_name"":""AL OSRA SUGAR FINE 10/2KG"",""quantity"":40,""unit"":""g"",""item_code"":""176065"",""ingredient_id"":""""}]",[],"Chicken: 2.5 kg (about 5.5 lbs) bone-in, skin-on chicken thighs and drumsticks | Soy Sauce: 1.25 cups (approx. 300 ml) | Vinegar: 1.25 cups (approx. 300 ml) cane vinegar or white vinegar | Coconut Milk: 2.5 cups (approx. 600 ml) whole-fat coconut milk | Garlic: 30 to 35 cloves, peeled and crushed | Bay Leaves: 12 to 15 fresh bay leaves | Peppercorns: 1.5 tablespoons whole black peppercorns | Oil: 3 tablespoons coconut oil or vegetable oil | Optional: 4 to 6 red or green finger chilies (siling labuyo or panigang) for heat | Sugar: 1 to 2 tablespoons brown sugar (optional, to balance tartness) [1, 2, 3, 4]",,,[],specific,"[""KBR-384""]","[""KBR""]",,true
Chicken Menudo Philippines Filipino KBR-384 1 Serving,PH-006-CHICKENMENUD,Chicken Menudo Philippines converted from 10-person Filipino source recipe to 1 serving.,Filipino,Filipino,Main Course,1,682,"[{""ingredient_name"":""TAFGA MAGGI CUBES CHICKEN 24/24/20G"",""quantity"":200,""unit"":""g"",""item_code"":""102426"",""ingredient_id"":""""},{""ingredient_name"":""TANMIAH FRESH CHICKEN 1/900G"",""quantity"":50,""unit"":""g"",""item_code"":""205101"",""ingredient_id"":""""},{""ingredient_name"":""A-TAFGA AMERICANA CHICKEN FRANK 24/340G"",""quantity"":36,""unit"":""g"",""item_code"":""182833"",""ingredient_id"":""""},{""ingredient_name"":""A-TAFGA GOODY WHOLE PEELED TOMATO 6/#10"",""quantity"":0.048,""unit"":""l"",""item_code"":""381887"",""ingredient_id"":""""},{""ingredient_name"":""TAFGA LUNA TOMATO PASTE 24/400G"",""quantity"":6,""unit"":""g"",""item_code"":""103023"",""ingredient_id"":""""},{""ingredient_name"":""liver spread"",""quantity"":17,""unit"":""g"",""item_code"":""PHMIS-001"",""ingredient_id"":""""},{""ingredient_name"":""TAFGA MAKATI SOY SAUCE 12/750ML"",""quantity"":0.006,""unit"":""l"",""item_code"":""100782"",""ingredient_id"":""""},{""ingredient_name"":""(TAFGA) NOVA WATER 24/0.55-0.6LTR"",""quantity"":0.084,""unit"":""l"",""item_code"":""224894"",""ingredient_id"":""""},{""ingredient_name"":""POTATO (LOCAL)"",""quantity"":72,""unit"":""g"",""item_code"":""PR000022"",""ingredient_id"":""""},{""ingredient_name"":""CARROT (AUSTALIA/CHINA)"",""quantity"":20,""unit"":""g"",""item_code"":""PR000026"",""ingredient_id"":""""},{""ingredient_name"":""GREEN PEPPER (LBN)"",""quantity"":15,""unit"":""g"",""item_code"":""PR000009"",""ingredient_id"":""""},{""ingredient_name"":""GREEN PEPPER (LBN)"",""quantity"":15,""unit"":""g"",""item_code"":""PR000009"",""ingredient_id"":""""},{""ingredient_name"":""DRY ONION (LOCAL)"",""quantity"":30,""unit"":""g"",""item_code"":""PR000020"",""ingredient_id"":""""},{""ingredient_name"":""GARLIC (CHINA)"",""quantity"":2.7,""unit"":""g"",""item_code"":""PR000018"",""ingredient_id"":""""},{""ingredient_name"":""A-5 DIAMOND RAISIN 1/10KG"",""quantity"":12,""unit"":""g"",""item_code"":""404314"",""ingredient_id"":""""},{""ingredient_name"":""A-TOMEX GREEN PEAS 4/2.5KG"",""quantity"":12,""unit"":""g"",""item_code"":""404330"",""ingredient_id"":""""},{""ingredient_name"":""TFG NIAZ BAY LEAVES 1/1KG"",""quantity"":0.07,""unit"":""g"",""item_code"":""147040"",""ingredient_id"":""""},{""ingredient_name"":""AL OSRA SUGAR FINE 10/2KG"",""quantity"":1.25,""unit"":""g"",""item_code"":""176065"",""ingredient_id"":""""},{""ingredient_name"":""LEMON (AFRICAN/TURKEY)"",""quantity"":55,""unit"":""g"",""item_code"":""PR000090"",""ingredient_id"":""""}]",[],"2 kg boneless chicken thighs or breast, cut into small cubes | 500 g chicken liver or beef liver, cubed (optional, adds traditional depth) | 8 pcs regular hot dogs or Vienna sausages, sliced diagonally (kid-friendly favorite) | 2 cups tomato sauce | ¼ cup tomato paste | 170 g liver spread (about 2 small cans) | 4 tbsp soy sauce | 3 to 4 cups water or low-sodium chicken broth | 4 medium potatoes, peeled and cubed | 2 large carrots, peeled and cubed | 1 large red bell pepper and 1 large green bell pepper, chopped | 2 medium onions, chopped | 8 to 10 cloves garlic, minced | ½ cup raisins (optional for a touch of sweetness) | ½ cup green peas | 3 pcs dried bay leaves (laurel) | 1 tbsp sugar (to balance the acidity) | Juice of 5 to 6 pcs calamansi (or 3 tbsp lemon juice) | Cooking oil for sautéing | Salt and ground black pepper to taste",,,[],specific,"[""KBR-384""]","[""KBR""]",,true
Chicken Sotanghon Philippines Filipino KBR-384 1 Serving,PH-007-CHICKENSOTAN,Chicken Sotanghon Philippines converted from 10-person Filipino source recipe to 1 serving.,Filipino,Filipino,Main Course,1,757,"[{""ingredient_name"":""TANMIAH FRESH CHICKEN 1/900G"",""quantity"":158.76,""unit"":""g"",""item_code"":""205101"",""ingredient_id"":""""},{""ingredient_name"":""A- MAKATI CHINESE NOODLES 30/200G"",""quantity"":27.5,""unit"":""g"",""item_code"":""402514"",""ingredient_id"":""""},{""ingredient_name"":""(TAFGA) NOVA WATER 24/0.55-0.6LTR"",""quantity"":0.408,""unit"":""l"",""item_code"":""224894"",""ingredient_id"":""""},{""ingredient_name"":""DRY ONION (LOCAL)"",""quantity"":30,""unit"":""g"",""item_code"":""PR000020"",""ingredient_id"":""""},{""ingredient_name"":""GARLIC (CHINA)"",""quantity"":2.7,""unit"":""g"",""item_code"":""PR000018"",""ingredient_id"":""""},{""ingredient_name"":""GINGER (CHINA)"",""quantity"":2,""unit"":""g"",""item_code"":""PR000019"",""ingredient_id"":""""},{""ingredient_name"":""CARROT (AUSTALIA/CHINA)"",""quantity"":20,""unit"":""g"",""item_code"":""PR000026"",""ingredient_id"":""""},{""ingredient_name"":""CABBAGE (LOCAL)"",""quantity"":72,""unit"":""g"",""item_code"":""PR000002"",""ingredient_id"":""""},{""ingredient_name"":""celery"",""quantity"":20,""unit"":""g"",""item_code"":""PHMIS-003"",""ingredient_id"":""""},{""ingredient_name"":""A-AFFCO FISH SAUCE 12/700ML"",""quantity"":0.0045,""unit"":""l"",""item_code"":""273104"",""ingredient_id"":""""},{""ingredient_name"":""TAFGA MAGGI CUBES CHICKEN 24/24/20G"",""quantity"":4,""unit"":""g"",""item_code"":""102426"",""ingredient_id"":""""},{""ingredient_name"":""(TAFGA) NOVA WATER 24/0.55-0.6LTR"",""quantity"":0.0015,""unit"":""l"",""item_code"":""224894"",""ingredient_id"":""""},{""ingredient_name"":""TAFGA DALAL COOKING OIL-(SAUDI) 1/18LTR"",""quantity"":0.006,""unit"":""l"",""item_code"":""221871"",""ingredient_id"":""""}]",[],"Chicken: 3.5 lbs (about 1.5 kg) chicken breast or bone-in chicken pieces | Sotanghon noodles: 250–300 grams (glass or cellophane noodles) | Water or chicken broth: 16–18 cups | Aromatics: 2 medium onions (chopped), 8 to 10 cloves garlic (minced), 1 thumb-sized ginger (julienned) | Vegetables: 2 medium carrots (julienned), 3 cups shredded cabbage or napa cabbage, 2 stalks celery (chopped) | Flavor & Color: 3 tablespoons fish sauce (patis), 2 pieces chicken bouillon cubes, 1 tablespoon annatto powder (atsuete) dissolved in 1/2 cup warm water, salt and ground black pepper to taste | Cooking oil: 4 tablespoons | Garnish: Chopped green onions (scallions) and toasted crispy garlic bits",,,[],specific,"[""KBR-384""]","[""KBR""]",,true
Chicken curry Philippines Filipino KBR-384 1 Serving,PH-008-CHICKENCURRY,Chicken curry Philippines converted from 10-person Filipino source recipe to 1 serving.,Filipino,Filipino,Main Course,1,608.2,"[{""ingredient_name"":""TANMIAH FRESH CHICKEN 1/900G"",""quantity"":275,""unit"":""g"",""item_code"":""205101"",""ingredient_id"":""""},{""ingredient_name"":""AFCO COCONUT MILK POWDER 12/300G"",""quantity"":0.084,""unit"":""l"",""item_code"":""174476"",""ingredient_id"":""""},{""ingredient_name"":""(TAFGA) NOVA WATER 24/0.55-0.6LTR"",""quantity"":0.048,""unit"":""l"",""item_code"":""224894"",""ingredient_id"":""""},{""ingredient_name"":""DRY ONION (LOCAL)"",""quantity"":30,""unit"":""g"",""item_code"":""PR000020"",""ingredient_id"":""""},{""ingredient_name"":""GARLIC (CHINA)"",""quantity"":3,""unit"":""g"",""item_code"":""PR000018"",""ingredient_id"":""""},{""ingredient_name"":""GINGER (CHINA)"",""quantity"":4,""unit"":""g"",""item_code"":""PR000019"",""ingredient_id"":""""},{""ingredient_name"":""SHAN CURRY POWDER 10/1KG"",""quantity"":3.85,""unit"":""g"",""item_code"":""GR000041"",""ingredient_id"":""""},{""ingredient_name"":""A-AFFCO FISH SAUCE 12/700ML"",""quantity"":0.0068,""unit"":""l"",""item_code"":""273104"",""ingredient_id"":""""},{""ingredient_name"":""POTATO (LOCAL)"",""quantity"":81,""unit"":""g"",""item_code"":""PR000022"",""ingredient_id"":""""},{""ingredient_name"":""CARROT (AUSTALIA/CHINA)"",""quantity"":35,""unit"":""g"",""item_code"":""PR000026"",""ingredient_id"":""""},{""ingredient_name"":""GREEN PEPPER (LBN)"",""quantity"":30,""unit"":""g"",""item_code"":""PR000009"",""ingredient_id"":""""},{""ingredient_name"":""TAFGA DALAL COOKING OIL-(SAUDI) 1/18LTR"",""quantity"":0.0075,""unit"":""l"",""item_code"":""221871"",""ingredient_id"":""""}]",[],"Chicken: 2.5 to 3 kg (about 5.5 to 6.5 lbs), cut into serving pieces (bone-in thighs or a mix of cuts work best) | Coconut Milk: 3 to 4 cups (gata) | Water or Chicken Broth: 2 cups | Aromatics: 2 large onions (chopped), 10 cloves garlic (minced), and 2 thumb-sized pieces of ginger (minced or julienned) | Curry Powder: 5 to 6 tablespoons of mild yellow curry powder | Fish Sauce (Patis): 4 to 5 tablespoons (adjust to taste) | Vegetables: 4 to 5 medium potatoes (cubed), 3 to 4 medium carrots (sliced or cubed), and 2 large bell peppers (red and green, sliced) | Cooking Oil: 4 to 6 tablespoons for sautéing and pan-frying | Salt and Ground Black Pepper: To taste",,,[],specific,"[""KBR-384""]","[""KBR""]",,true
Chicken franks Pilippines Filipino KBR-384 1 Serving,PH-009-CHICKENFRANK,Chicken franks Pilippines converted from 10-person Filipino source recipe to 1 serving.,Filipino,Filipino,Main Course,1,186.2,"[{""ingredient_name"":""A-TAFGA AMERICANA CHICKEN FRANK 24/340G"",""quantity"":123.75,""unit"":""g"",""item_code"":""182833"",""ingredient_id"":""""},{""ingredient_name"":""TAFGA DALAL COOKING OIL-(SAUDI) 1/18LTR"",""quantity"":0.0075,""unit"":""l"",""item_code"":""221871"",""ingredient_id"":""""},{""ingredient_name"":""GARLIC (CHINA)"",""quantity"":2.4,""unit"":""g"",""item_code"":""PR000018"",""ingredient_id"":""""},{""ingredient_name"":""ONION (WHITE)"",""quantity"":30,""unit"":""g"",""item_code"":""PR000049"",""ingredient_id"":""""},{""ingredient_name"":""A-TFGA AFFCO TOMATO KETCHUP 4/5KG"",""quantity"":0.015,""unit"":""l"",""item_code"":""161290"",""ingredient_id"":""""},{""ingredient_name"":""A-(TAFGA) AFFCO OYSTER SAUCE 12/600ML"",""quantity"":0.0075,""unit"":""l"",""item_code"":""110196"",""ingredient_id"":""""}]",[],"25 to 30 pcs Chicken franks, sliced diagonally | 5 tbsp cooking oil | 8 cloves garlic, minced | 2 large white onions, sliced | 10 tbsp banana ketchup or tomato ketchup | 5 tbsp oyster sauce | Salt and ground black pepper to taste | Chopped spring onions (optional garnish)",,,[],specific,"[""KBR-384""]","[""KBR""]",,true
Chicken fry Philippines Filipino KBR-384 1 Serving,PH-010-CHICKENFRYPH,Chicken fry Philippines converted from 10-person Filipino source recipe to 1 serving.,Filipino,Filipino,Main Course,1,572.3,"[{""ingredient_name"":""TANMIAH FRESH CHICKEN 1/900G"",""quantity"":340.19,""unit"":""g"",""item_code"":""205101"",""ingredient_id"":""""},{""ingredient_name"":""GARLIC (CHINA)"",""quantity"":1.2,""unit"":""g"",""item_code"":""PR000018"",""ingredient_id"":""""},{""ingredient_name"":""DRY ONION (LOCAL)"",""quantity"":30,""unit"":""g"",""item_code"":""PR000020"",""ingredient_id"":""""},{""ingredient_name"":""A-(TAFGA) AFFCO OYSTER SAUCE 12/600ML"",""quantity"":0.0075,""unit"":""l"",""item_code"":""110196"",""ingredient_id"":""""},{""ingredient_name"":""A-TAFGA ORIENT GARDEN BAKING SODA 12/12Z"",""quantity"":20,""unit"":""g"",""item_code"":""182376"",""ingredient_id"":""""},{""ingredient_name"":""TAFGA REHAN SALT IODIZED 24/700G"",""quantity"":0.3,""unit"":""g"",""item_code"":""166780"",""ingredient_id"":""""},{""ingredient_name"":""A-TAFGA ORIENT GARDEN BAKING SODA 12/12Z"",""quantity"":20,""unit"":""g"",""item_code"":""182376"",""ingredient_id"":""""},{""ingredient_name"":""A-TAFGA FRESHLY PEPPER BLACK PWDR 6/16Z"",""quantity"":0.14,""unit"":""g"",""item_code"":""185836"",""ingredient_id"":""""},{""ingredient_name"":""A-TAFGA ORIENT GARDEN BAKING SODA 12/12Z"",""quantity"":20,""unit"":""g"",""item_code"":""182376"",""ingredient_id"":""""},{""ingredient_name"":""all-purpose seasoning powder"",""quantity"":0.35,""unit"":""g"",""item_code"":""PHMIS-004"",""ingredient_id"":""""},{""ingredient_name"":""SAEDCO FRESH EGGS MEDIUM 12/30 CT"",""quantity"":0.3,""unit"":""pieces"",""item_code"":""142110"",""ingredient_id"":""""},{""ingredient_name"":""A-AL AMC CORN STARCH 1/25KG"",""quantity"":9.6,""unit"":""g"",""item_code"":""139554"",""ingredient_id"":""""},{""ingredient_name"":""TAFGA DALAL COOKING OIL-(SAUDI) 1/18LTR"",""quantity"":0.108,""unit"":""l"",""item_code"":""221871"",""ingredient_id"":""""}]",[],"7 to 8 pounds chicken pieces (drumsticks or thighs) | 4 cloves garlic, minced | 2 small onions, minced | 5 tablespoons oyster sauce | 2 and 1/2 teaspoons salt | 2 and 1/2 teaspoons ground black pepper | 2 and 1/2 tablespoons all-purpose seasoning powder (like Magic Sarap) | 3 large eggs, beaten | 3/4 cup cornstarch | 4 to 5 cups cooking oil for deep frying",,,[],specific,"[""KBR-384""]","[""KBR""]",,true
Chinese noodle Philippines Filipino KBR-384 1 Serving,PH-011-CHINESENOODL,Chinese noodle Philippines converted from 10-person Filipino source recipe to 1 serving.,Filipino,Filipino,Main Course,1,417.4,"[{""ingredient_name"":""A- MAKATI CHINESE NOODLES 30/200G"",""quantity"":50,""unit"":""g"",""item_code"":""402514"",""ingredient_id"":""""},{""ingredient_name"":""TFG AMERICANA LOCAL CHICKEN BREAST1/10KG"",""quantity"":50,""unit"":""g"",""item_code"":""180259"",""ingredient_id"":""""},{""ingredient_name"":""A-(TAFGA) AFFCO OYSTER SAUCE 12/600ML"",""quantity"":0.02,""unit"":""l"",""item_code"":""110196"",""ingredient_id"":""""},{""ingredient_name"":""GARLIC (CHINA)"",""quantity"":1.35,""unit"":""g"",""item_code"":""PR000018"",""ingredient_id"":""""},{""ingredient_name"":""DRY ONION (LOCAL)"",""quantity"":30,""unit"":""g"",""item_code"":""PR000020"",""ingredient_id"":""""},{""ingredient_name"":""CARROT (AUSTALIA/CHINA)"",""quantity"":20,""unit"":""g"",""item_code"":""PR000026"",""ingredient_id"":""""},{""ingredient_name"":""CABBAGE (LOCAL)"",""quantity"":96,""unit"":""g"",""item_code"":""PR000002"",""ingredient_id"":""""},{""ingredient_name"":""TAFGA MAKATI SOY SAUCE 12/750ML"",""quantity"":0.0075,""unit"":""l"",""item_code"":""100782"",""ingredient_id"":""""},{""ingredient_name"":""A-(TAFGA) AFFCO OYSTER SAUCE 12/600ML"",""quantity"":0.0045,""unit"":""l"",""item_code"":""110196"",""ingredient_id"":""""},{""ingredient_name"":""(TAFGA) NOVA WATER 24/0.55-0.6LTR"",""quantity"":0.132,""unit"":""l"",""item_code"":""224894"",""ingredient_id"":""""},{""ingredient_name"":""TAFGA DALAL COOKING OIL-(SAUDI) 1/18LTR"",""quantity"":0.006,""unit"":""l"",""item_code"":""221871"",""ingredient_id"":""""}]",[],"500g Pancit Canton noodles (wheat flour/egg noodles) | 500g chicken breast or beef, thinly sliced | 200g medium shrimp, peeled and deveined (optional) | 4–5 cloves garlic, minced | 2 medium onions, sliced | 2 medium carrots, julienned (cut into matchsticks) | 4 cups shredded cabbage | 5 tbsp soy sauce | 3 tbsp oyster sauce | 5–6 cups chicken broth or water | 4 tbsp cooking oil | Salt and pepper to taste | Calamansi or lemons (cut in half for serving)",,,[],specific,"[""KBR-384""]","[""KBR""]",,true
Coconut vegetable Philippines Filipino KBR-384 1 Serving,PH-012-COCONUTVEGET,Coconut vegetable Philippines converted from 10-person Filipino source recipe to 1 serving.,Filipino,Filipino,Vegetable,1,793.6,"[{""ingredient_name"":""TAFGA DALAL COOKING OIL-(SAUDI) 1/18LTR"",""quantity"":0.0045,""unit"":""l"",""item_code"":""221871"",""ingredient_id"":""""},{""ingredient_name"":""DRY ONION (LOCAL)"",""quantity"":45,""unit"":""g"",""item_code"":""PR000020"",""ingredient_id"":""""},{""ingredient_name"":""GARLIC (CHINA)"",""quantity"":3.6,""unit"":""g"",""item_code"":""PR000018"",""ingredient_id"":""""},{""ingredient_name"":""GINGER (CHINA)"",""quantity"":2,""unit"":""g"",""item_code"":""PR000019"",""ingredient_id"":""""},{""ingredient_name"":""AFCO COCONUT MILK POWDER 12/300G"",""quantity"":0.062,""unit"":""l"",""item_code"":""174476"",""ingredient_id"":""""},{""ingredient_name"":""(TAFGA) NOVA WATER 24/0.55-0.6LTR"",""quantity"":0.048,""unit"":""l"",""item_code"":""224894"",""ingredient_id"":""""},{""ingredient_name"":""kabocha squash 1 5-inch"",""quantity"":288,""unit"":""g"",""item_code"":""PHMIS-013"",""ingredient_id"":""""},{""ingredient_name"":""yardlong beans 2-inch lengths"",""quantity"":120,""unit"":""g"",""item_code"":""PHMIS-014"",""ingredient_id"":""""},{""ingredient_name"":""TAFGA MAKATI SOY SAUCE 12/750ML"",""quantity"":0.0045,""unit"":""l"",""item_code"":""100782"",""ingredient_id"":""""},{""ingredient_name"":""SPINACH (BDL)"",""quantity"":216,""unit"":""g"",""item_code"":""PR000061"",""ingredient_id"":""""}]",[],"3 tablespoons cooking oil | 3 medium onions, chopped | 12 cloves garlic, minced | 1 large thumb-sized piece of fresh ginger, minced | 4 cans (13.5 oz or 400 ml each) full-fat coconut milk | 2 cups water or vegetable broth (if needed to thin the sauce) | 12 cups kabocha squash (kalabasa), peeled and cubed into 1.5-inch pieces | 6 cups yardlong beans (sitaw or snake beans), cut into 2-inch lengths | 3 tablespoons fish sauce (patis), or soy sauce for a vegan version | 9 cups fresh malunggay (moringa) leaves or spinach | Salt and ground black pepper to taste",,,[],specific,"[""KBR-384""]","[""KBR""]",,true
Ginataang Manok Philippines Filipino KBR-384 1 Serving,PH-013-GINATAANGMAN,Ginataang Manok Philippines converted from 10-person Filipino source recipe to 1 serving.,Filipino,Filipino,Main Course,1,535.2,"[{""ingredient_name"":""TANMIAH FRESH CHICKEN 1/900G"",""quantity"":226.8,""unit"":""g"",""item_code"":""205101"",""ingredient_id"":""""},{""ingredient_name"":""AFCO COCONUT MILK POWDER 12/300G"",""quantity"":0.062,""unit"":""l"",""item_code"":""174476"",""ingredient_id"":""""},{""ingredient_name"":""(TAFGA) NOVA WATER 24/0.55-0.6LTR"",""quantity"":0.048,""unit"":""l"",""item_code"":""224894"",""ingredient_id"":""""},{""ingredient_name"":""TAFGA DALAL COOKING OIL-(SAUDI) 1/18LTR"",""quantity"":0.008,""unit"":""l"",""item_code"":""221871"",""ingredient_id"":""""},{""ingredient_name"":""DRY ONION (LOCAL)"",""quantity"":30,""unit"":""g"",""item_code"":""PR000020"",""ingredient_id"":""""},{""ingredient_name"":""GARLIC (CHINA)"",""quantity"":2.4,""unit"":""g"",""item_code"":""PR000018"",""ingredient_id"":""""},{""ingredient_name"":""GINGER (CHINA)"",""quantity"":12,""unit"":""g"",""item_code"":""PR000019"",""ingredient_id"":""""},{""ingredient_name"":""A-AFFCO FISH SAUCE 12/700ML"",""quantity"":0.0052,""unit"":""l"",""item_code"":""273104"",""ingredient_id"":""""},{""ingredient_name"":""A-TAFGA FRESHLY PEPPER BLACK PWDR 6/16Z"",""quantity"":0.27,""unit"":""g"",""item_code"":""185836"",""ingredient_id"":""""},{""ingredient_name"":""green papaya chayote squash wedges"",""quantity"":90,""unit"":""g"",""item_code"":""PHMIS-018"",""ingredient_id"":""""},{""ingredient_name"":""GREEN PEPPER (LBN)"",""quantity"":2.5,""unit"":""g"",""item_code"":""PR000009"",""ingredient_id"":""""},{""ingredient_name"":""SPINACH (BDL)"",""quantity"":48,""unit"":""g"",""item_code"":""PR000061"",""ingredient_id"":""""}]",[],"5 lbs (about 2.3 kg) bone-in, skin-on chicken pieces (thighs and drumsticks work best) | 4 cans (14 oz each) coconut milk (or about 6 cups fresh coconut milk) | 2 cups water or chicken stock | ⅓ cup cooking oil | 2 large onions, chopped | 8 cloves garlic, minced | ½ cup fresh ginger, sliced into thin strips or julienned | 3 to 4 tbsp fish sauce (patis), adjusted to taste | 1 tsp ground black pepper | 2 medium green papaya or chayote squash, peeled and sliced into wedges (or substitute with 2 large cubed potatoes) | 4 to 6 pieces finger chilies (siling haba) or Thai bird's eye chilies (siling labuyo) for heat | 2 cups fresh malunggay (moringa) leaves or spinach",,,[],specific,"[""KBR-384""]","[""KBR""]",,true
Mackerel / Tilapia / milk fry fish Philippines Filipino KBR-384 1 Serving,PH-014-MACKERELTILA,Mackerel / Tilapia / milk fry fish Philippines converted from 10-person Filipino source recipe to 1 serving.,Filipino,Filipino,Main Course,1,55.2,"[{""ingredient_name"":""TAFGA INDIAN MACKEREL FISH ORIGINAL 1/KG"",""quantity"":17,""unit"":""g"",""item_code"":""134884"",""ingredient_id"":""""},{""ingredient_name"":""TAFGA REHAN SALT IODIZED 24/700G"",""quantity"":3.15,""unit"":""g"",""item_code"":""166780"",""ingredient_id"":""""},{""ingredient_name"":""A-TAFGA FRESHLY PEPPER BLACK PWDR 6/16Z"",""quantity"":0.27,""unit"":""g"",""item_code"":""185836"",""ingredient_id"":""""},{""ingredient_name"":""GARLIC (CHINA)"",""quantity"":1.8,""unit"":""g"",""item_code"":""PR000018"",""ingredient_id"":""""},{""ingredient_name"":""TAFGA DALAL COOKING OIL-(SAUDI) 1/18LTR"",""quantity"":0.03,""unit"":""l"",""item_code"":""221871"",""ingredient_id"":""""},{""ingredient_name"":""LEMON (AFRICAN/TURKEY)"",""quantity"":3,""unit"":""g"",""item_code"":""PR000090"",""ingredient_id"":""""}]",[],"Mackerel (Alumahan or Bangus/Galunggong alternative): 10–12 medium whole fish170g/ person, cleaned and scaled | Salt: 1.5 to 2 tablespoons (for rubbing) | Ground Black Pepper: 1 teaspoon | Garlic: 6 cloves, crushed (optional, for frying aroma) | Cooking Oil: 1 to 1.5 cups (for shallow or deep frying) | Calamansi or Lime Juice: 2 tablespoons (optional, for marination/serving)",,,[],specific,"[""KBR-384""]","[""KBR""]",,true
Mung Bean Soup Philippines Filipino KBR-384 1 Serving,PH-015-MUNGBEANSOUP,Mung Bean Soup Philippines converted from 10-person Filipino source recipe to 1 serving.,Filipino,Filipino,Soup,1,573.2,"[{""ingredient_name"":""mung beans rinsed drained"",""quantity"":50,""unit"":""g"",""item_code"":""PHMIS-005"",""ingredient_id"":""""},{""ingredient_name"":""(TAFGA) NOVA WATER 24/0.55-0.6LTR"",""quantity"":0.3,""unit"":""l"",""item_code"":""224894"",""ingredient_id"":""""},{""ingredient_name"":""BEEF INDIAN B/LES FOREQUARTER FROZEN 1KG"",""quantity"":50,""unit"":""g"",""item_code"":""141396"",""ingredient_id"":""""},{""ingredient_name"":""TAFGA DALAL COOKING OIL-(SAUDI) 1/18LTR"",""quantity"":0.0045,""unit"":""l"",""item_code"":""221871"",""ingredient_id"":""""},{""ingredient_name"":""GARLIC (CHINA)"",""quantity"":2.7,""unit"":""g"",""item_code"":""PR000018"",""ingredient_id"":""""},{""ingredient_name"":""DRY ONION (LOCAL)"",""quantity"":30,""unit"":""g"",""item_code"":""PR000020"",""ingredient_id"":""""},{""ingredient_name"":""TOMATO (ADY)"",""quantity"":48,""unit"":""g"",""item_code"":""PR000005"",""ingredient_id"":""""},{""ingredient_name"":""A-AFFCO FISH SAUCE 12/700ML"",""quantity"":0.003,""unit"":""l"",""item_code"":""273104"",""ingredient_id"":""""},{""ingredient_name"":""TAFGA MAGGI CUBES CHICKEN 24/24/20G"",""quantity"":4,""unit"":""g"",""item_code"":""102426"",""ingredient_id"":""""},{""ingredient_name"":""SPINACH (BDL)"",""quantity"":45,""unit"":""g"",""item_code"":""PR000061"",""ingredient_id"":""""},{""ingredient_name"":""BEEF INDIAN B/LES FOREQUARTER FROZEN 1KG"",""quantity"":36,""unit"":""g"",""item_code"":""141396"",""ingredient_id"":""""}]",[],"2.5 cups dried mung beans (monggo), rinsed and drained | 12.5 cups water (plus extra if you prefer a thinner soup) | 500g beef, cut into small bite-sized pieces | 3 tablespoons cooking oil | 8 to 10 cloves garlic, minced | 2 large onions, chopped | 4 medium tomatoes, diced | 2 tablespoons fish sauce (patis), or adjust to taste | 2 pieces beef or chicken bouillon cubes (optional, for extra depth) | 4 to 5 handfuls fresh spinach, malunggay (moringa), or sili leaves | 1.5 cups crushed beef cracklings (optional, plus extra for topping) | Salt and ground black pepper to taste",,,[],specific,"[""KBR-384""]","[""KBR""]",,true
Nilaga soup Philippines Filipino KBR-384 1 Serving,PH-016-NILAGASOUPPH,Nilaga soup Philippines converted from 10-person Filipino source recipe to 1 serving.,Filipino,Filipino,Soup,1,791.3,"[{""ingredient_name"":""BEEF INDIAN B/LES FOREQUARTER FROZEN 1KG"",""quantity"":204.12,""unit"":""g"",""item_code"":""141396"",""ingredient_id"":""""},{""ingredient_name"":""(TAFGA) NOVA WATER 24/0.55-0.6LTR"",""quantity"":0.384,""unit"":""l"",""item_code"":""224894"",""ingredient_id"":""""},{""ingredient_name"":""DRY ONION (LOCAL)"",""quantity"":30,""unit"":""g"",""item_code"":""PR000020"",""ingredient_id"":""""},{""ingredient_name"":""SHAN BLACK PEPPER WHOLE 10/1KG"",""quantity"":1.2,""unit"":""g"",""item_code"":""GR001017"",""ingredient_id"":""""},{""ingredient_name"":""POTATO (LOCAL)"",""quantity"":72,""unit"":""g"",""item_code"":""PR000022"",""ingredient_id"":""""},{""ingredient_name"":""A-(TAFGA) AFFCO SWEET CORN 6/3KG"",""quantity"":72,""unit"":""g"",""item_code"":""199838"",""ingredient_id"":""""},{""ingredient_name"":""CABBAGE (LOCAL)"",""quantity"":10,""unit"":""g"",""item_code"":""PR000002"",""ingredient_id"":""""},{""ingredient_name"":""SPINACH (BDL)"",""quantity"":8,""unit"":""g"",""item_code"":""PR000061"",""ingredient_id"":""""},{""ingredient_name"":""A-AFFCO FISH SAUCE 12/700ML"",""quantity"":0.006,""unit"":""l"",""item_code"":""273104"",""ingredient_id"":""""},{""ingredient_name"":""TAFGA MAGGI CUBES CHICKEN 24/24/20G"",""quantity"":4,""unit"":""g"",""item_code"":""102426"",""ingredient_id"":""""}]",[],"4.5 lbs (2 kg) beef chuck, brisket, or short ribs, cut into large chunks | 16 cups water (or enough to submerge the beef) | 2 medium yellow onions, halved or quartered | 1.5 tbsp whole black peppercorns | 4 medium potatoes, peeled and halved | 4 ears sweet yellow corn, cut into thirds | 1 small head green cabbage, cut into wedges | 1 bunch bok choy or pechay (optional substitute for part of the cabbage) | 4 tbsp fish sauce (patis), plus extra for serving | 2 cubes beef bouillon (optional, for richer flavor) | Salt to taste",,,[],specific,"[""KBR-384""]","[""KBR""]",,true
Pak Bet Philippines Filipino KBR-384 1 Serving,PH-017-PAKBETPHILIP,Pak Bet Philippines converted from 10-person Filipino source recipe to 1 serving.,Filipino,Filipino,Vegetable,1,363,"[{""ingredient_name"":""TAFGA MAGGI CUBES CHICKEN 24/24/20G"",""quantity"":45.36,""unit"":""g"",""item_code"":""102426"",""ingredient_id"":""""},{""ingredient_name"":""TAFGA DALAL COOKING OIL-(SAUDI) 1/18LTR"",""quantity"":0.0045,""unit"":""l"",""item_code"":""221871"",""ingredient_id"":""""},{""ingredient_name"":""GARLIC (CHINA)"",""quantity"":3.6,""unit"":""g"",""item_code"":""PR000018"",""ingredient_id"":""""},{""ingredient_name"":""DRY ONION (LOCAL)"",""quantity"":30,""unit"":""g"",""item_code"":""PR000020"",""ingredient_id"":""""},{""ingredient_name"":""TOMATO (ADY)"",""quantity"":48,""unit"":""g"",""item_code"":""PR000005"",""ingredient_id"":""""},{""ingredient_name"":""A-(TAFGA) AFFCO OYSTER SAUCE 12/600ML"",""quantity"":0.012,""unit"":""l"",""item_code"":""110196"",""ingredient_id"":""""},{""ingredient_name"":""(TAFGA) NOVA WATER 24/0.55-0.6LTR"",""quantity"":0.048,""unit"":""l"",""item_code"":""224894"",""ingredient_id"":""""},{""ingredient_name"":""Calabasa (squash)"",""quantity"":60,""unit"":""g"",""item_code"":""PHMIS-013"",""ingredient_id"":""""},{""ingredient_name"":""String beans (sitaw)"",""quantity"":50,""unit"":""g"",""item_code"":""PHMIS-014"",""ingredient_id"":""""},{""ingredient_name"":""A-TAFGA SB OKRA ZERO 20/400G"",""quantity"":24,""unit"":""g"",""item_code"":""404298"",""ingredient_id"":""""},{""ingredient_name"":""Bitter melon (ampalaya)"",""quantity"":20,""unit"":""g"",""item_code"":""PHMIS-006"",""ingredient_id"":""""},{""ingredient_name"":""EGGPANT (BIG)"",""quantity"":17.5,""unit"":""g"",""item_code"":""PR000012"",""ingredient_id"":""""}]",[],"Meat: 1 lb (450g), cut into small cubes or thin strips | Cooking oil: 3 tablespoons | Garlic: 12 cloves, minced or crushed | Onions: 2 medium, chopped | Tomatoes: 4 medium, chopped | Shrimp paste (bagoong alamang): 1/2 cup (sautéed) | Water: 2 cups | Calabasa (squash): 2.5 cups, cubed (about half a small squash) | String beans (sitaw): 2.5 cups, cut into 2-inch lengths | Okra: 20 pieces, ends trimmed | Bitter melon (ampalaya): 2 medium, seeded and sliced | Eggplant (talong): 3-4 medium, sliced into thick rounds | Salt and ground black pepper: to taste",,,[],specific,"[""KBR-384""]","[""KBR""]",,true
Pancit Mix Philippines Filipino KBR-384 1 Serving,PH-018-PANCITMIXPHI,Pancit Mix Philippines converted from 10-person Filipino source recipe to 1 serving.,Filipino,Filipino,Main Course,1,445,"[{""ingredient_name"":""A- MAKATI CHINESE NOODLES 30/200G"",""quantity"":45.36,""unit"":""g"",""item_code"":""402514"",""ingredient_id"":""""},{""ingredient_name"":""TANMIAH FRESH CHICKEN 1/900G"",""quantity"":45.36,""unit"":""g"",""item_code"":""205101"",""ingredient_id"":""""},{""ingredient_name"":""BEEF INDIAN B/LES FOREQUARTER FROZEN 1KG"",""quantity"":22.68,""unit"":""g"",""item_code"":""141396"",""ingredient_id"":""""},{""ingredient_name"":""A-(TAFGA) AFFCO OYSTER SAUCE 12/600ML"",""quantity"":0.0227,""unit"":""l"",""item_code"":""110196"",""ingredient_id"":""""},{""ingredient_name"":""GARLIC (CHINA)"",""quantity"":1.65,""unit"":""g"",""item_code"":""PR000018"",""ingredient_id"":""""},{""ingredient_name"":""ONION (WHITE)"",""quantity"":15,""unit"":""g"",""item_code"":""PR000049"",""ingredient_id"":""""},{""ingredient_name"":""CARROT (AUSTALIA/CHINA)"",""quantity"":20,""unit"":""g"",""item_code"":""PR000026"",""ingredient_id"":""""},{""ingredient_name"":""CABBAGE (LOCAL)"",""quantity"":84,""unit"":""g"",""item_code"":""PR000002"",""ingredient_id"":""""},{""ingredient_name"":""AL OSRA SUGAR FINE 10/2KG"",""quantity"":20,""unit"":""g"",""item_code"":""176065"",""ingredient_id"":""""},{""ingredient_name"":""(TAFGA) NOVA WATER 24/0.55-0.6LTR"",""quantity"":0.12,""unit"":""l"",""item_code"":""224894"",""ingredient_id"":""""},{""ingredient_name"":""TAFGA MAKATI SOY SAUCE 12/750ML"",""quantity"":0.012,""unit"":""l"",""item_code"":""100782"",""ingredient_id"":""""},{""ingredient_name"":""A-(TAFGA) AFFCO OYSTER SAUCE 12/600ML"",""quantity"":0.0045,""unit"":""l"",""item_code"":""110196"",""ingredient_id"":""""},{""ingredient_name"":""TAFGA MAKATI SOY SAUCE 12/750ML"",""quantity"":0.0015,""unit"":""l"",""item_code"":""100782"",""ingredient_id"":""""},{""ingredient_name"":""A-TAFGA FRESHLY PEPPER BLACK PWDR 6/16Z"",""quantity"":0.27,""unit"":""g"",""item_code"":""185836"",""ingredient_id"":""""},{""ingredient_name"":""DRY ONION (LOCAL)"",""quantity"":30,""unit"":""g"",""item_code"":""PR000020"",""ingredient_id"":""""}]",[],"Noodles: 16 ounces (450g) dry rice vermicelli noodles (pancit bihon) | Meat & Seafood: | 1 pound (450g) boneless chicken thighs, cut into small bite-sized pieces | 1/2 pound (225g) beef, thinly sliced (optional, or use all chicken) | 1/2 pound (225g) peeled and deveined medium shrimp (optional) | Aromatics & Veggies: | 5 to 6 cloves garlic, minced | 1 large yellow or white onion, thinly sliced | 2 medium carrots, peeled and cut into thin matchsticks (julienne) | 3 to 4 cups shredded green cabbage or Chinese cabbage (wombok) | 1 cup snow peas or sugar snap peas, trimmed | Sauce & Broth: | 5 cups chicken stock or water | 1/2 cup regular soy sauce | 3 tablespoons oyster sauce | 1 tablespoon dark soy sauce (for rich color) | 1 teaspoon ground black pepper | Garnish: | 2 stalk green onions (spring onions), chopped | Calamansi or lime wedges for serving",,,[],specific,"[""KBR-384""]","[""KBR""]",,true
Pesang soup Philippines Filipino KBR-384 1 Serving,PH-019-PESANGSOUPPH,Pesang soup Philippines converted from 10-person Filipino source recipe to 1 serving.,Filipino,Filipino,Soup,1,677.7,"[{""ingredient_name"":""TAFGA WHITE / HAMOUR FISH FILLET 1/1KG"",""quantity"":200,""unit"":""g"",""item_code"":""144669"",""ingredient_id"":""""},{""ingredient_name"":""TAFGA REHAN SALT IODIZED 24/700G"",""quantity"":3.6,""unit"":""g"",""item_code"":""166780"",""ingredient_id"":""""},{""ingredient_name"":""TAFGA DALAL COOKING OIL-(SAUDI) 1/18LTR"",""quantity"":0.0075,""unit"":""l"",""item_code"":""221871"",""ingredient_id"":""""},{""ingredient_name"":""GINGER (CHINA)"",""quantity"":12,""unit"":""g"",""item_code"":""PR000019"",""ingredient_id"":""""},{""ingredient_name"":""DRY ONION (LOCAL)"",""quantity"":30,""unit"":""g"",""item_code"":""PR000020"",""ingredient_id"":""""},{""ingredient_name"":""GARLIC (CHINA)"",""quantity"":1.8,""unit"":""g"",""item_code"":""PR000018"",""ingredient_id"":""""},{""ingredient_name"":""(TAFGA) NOVA WATER 24/0.55-0.6LTR"",""quantity"":0.264,""unit"":""l"",""item_code"":""224894"",""ingredient_id"":""""},{""ingredient_name"":""A-AFFCO FISH SAUCE 12/700ML"",""quantity"":0.0075,""unit"":""l"",""item_code"":""273104"",""ingredient_id"":""""},{""ingredient_name"":""SHAN BLACK PEPPER WHOLE 10/1KG"",""quantity"":0.27,""unit"":""g"",""item_code"":""GR001017"",""ingredient_id"":""""},{""ingredient_name"":""POTATO (LOCAL)"",""quantity"":72,""unit"":""g"",""item_code"":""PR000022"",""ingredient_id"":""""},{""ingredient_name"":""CABBAGE (LOCAL)"",""quantity"":10,""unit"":""g"",""item_code"":""PR000002"",""ingredient_id"":""""},{""ingredient_name"":""SPINACH (BDL)"",""quantity"":45,""unit"":""g"",""item_code"":""PR000061"",""ingredient_id"":""""},{""ingredient_name"":""DRY ONION (LOCAL)"",""quantity"":24,""unit"":""g"",""item_code"":""PR000020"",""ingredient_id"":""""}]",[],"The Base & Protein | 2 kg firm white fish (such as Maya-Maya / Red Snapper, Tilapia, or Grouper), cut into serving pieces | 2 tbsp salt (for rubbing on the fish) | 4-6 tbsp cooking oil (for pan-frying) | The Aromatics & Broth | ½ cup fresh ginger, sliced and heavily bruised/pounded (the star flavor) | 2 medium red onions, quartered | 6 cloves garlic, minced | 10-12 cups water (or hugas-bigas / second rinse of rice washing for a richer broth) | 5 tbsp fish sauce (patis) | 1 tsp whole black peppercorns | The Vegetables | 4 medium potatoes, peeled and quartered | 1 medium head of cabbage, sliced into quarters | 4-5 bunches of Pechay (Bok Choy), roots trimmed and leaves separated | 1 cup green onions (scallions), cut into 2-inch pieces",,,[],specific,"[""KBR-384""]","[""KBR""]",,true
SPAGHETTI PHILIPPINES Filipino KBR-384 1 Serving,PH-020-SPAGHETTIPHI,SPAGHETTI PHILIPPINES converted from 10-person Filipino source recipe to 1 serving.,Filipino,Filipino,Main Course,1,485.4,"[{""ingredient_name"":""GOODY PASTA #20 SPAGHETTI 24/450"",""quantity"":100,""unit"":""g"",""item_code"":""386762"",""ingredient_id"":""""},{""ingredient_name"":""TAFGA DALAL COOKING OIL-(SAUDI) 1/18LTR"",""quantity"":0.003,""unit"":""l"",""item_code"":""221871"",""ingredient_id"":""""},{""ingredient_name"":""A-TAFGA AMERICANA CHICKEN FRANK 24/340G"",""quantity"":40.5,""unit"":""g"",""item_code"":""182833"",""ingredient_id"":""""},{""ingredient_name"":""DRY ONION (LOCAL)"",""quantity"":30,""unit"":""g"",""item_code"":""PR000020"",""ingredient_id"":""""},{""ingredient_name"":""GARLIC (CHINA)"",""quantity"":1.8,""unit"":""g"",""item_code"":""PR000018"",""ingredient_id"":""""},{""ingredient_name"":""GREEN PEPPER (LBN)"",""quantity"":15,""unit"":""g"",""item_code"":""PR000009"",""ingredient_id"":""""},{""ingredient_name"":""BEEF INDIAN B/LES FOREQUARTER FROZEN 1KG"",""quantity"":100,""unit"":""g"",""item_code"":""141396"",""ingredient_id"":""""},{""ingredient_name"":""TAFGA LUNA TOMATO PASTE 24/400G"",""quantity"":7.5,""unit"":""g"",""item_code"":""103023"",""ingredient_id"":""""},{""ingredient_name"":""A-TFGA AFFCO TOMATO KETCHUP 4/5KG"",""quantity"":0.036,""unit"":""l"",""item_code"":""161290"",""ingredient_id"":""""},{""ingredient_name"":""A-TAFGA GOODY WHOLE PEELED TOMATO 6/#10"",""quantity"":0.084,""unit"":""l"",""item_code"":""381887"",""ingredient_id"":""""},{""ingredient_name"":""(TAFGA) NOVA WATER 24/0.55-0.6LTR"",""quantity"":0.024,""unit"":""l"",""item_code"":""224894"",""ingredient_id"":""""},{""ingredient_name"":""TAFGA MAKATI SOY SAUCE 12/750ML"",""quantity"":0.0045,""unit"":""l"",""item_code"":""100782"",""ingredient_id"":""""},{""ingredient_name"":""AL OSRA SUGAR FINE 10/2KG"",""quantity"":3.13,""unit"":""g"",""item_code"":""176065"",""ingredient_id"":""""},{""ingredient_name"":""TAFGA SLICED CHEESE 9/800G"",""quantity"":36,""unit"":""g"",""item_code"":""171301"",""ingredient_id"":""""}]",[],"1 kg (2.2 lbs) or two 1-pound packages dried spaghetti noodles | 2 tbsp cooking oil | 8 to 10 red hot dogs or frankfurters, sliced diagonally | 2 large yellow onions, finely chopped | 6 cloves garlic, minced | 1 large red bell pepper, chopped (optional) | 1 kg (2.2 lbs) ground beef or ground beef (or a mix) | 5 tbsp tomato paste | 1.5 cups sweet banana ketchup | 3 to 4 cups (about 1.4 kg) tomato sauce or passata | 1 cup beef or chicken stock / water | 3 tbsp soy sauce | 2 to 3 tbsp white or brown sugar (adjust to taste for sweetness) | Salt and ground black pepper to taste | 1.5 cups grated cheddar cheese or quick-melt cheese for topping",,,[],specific,"[""KBR-384""]","[""KBR""]",,true
Sardine Philippines Filipino KBR-384 1 Serving,PH-021-SARDINEPHILI,Sardine Philippines converted from 10-person Filipino source recipe to 1 serving.,Filipino,Filipino,Main Course,1,366.3,"[{""ingredient_name"":""MAWASIM SARDINES TOM/SCE 100/155G"",""quantity"":100.75,""unit"":""g"",""item_code"":""153319"",""ingredient_id"":""""},{""ingredient_name"":""A- MAKATI CHINESE NOODLES 30/200G"",""quantity"":15,""unit"":""g"",""item_code"":""402514"",""ingredient_id"":""""},{""ingredient_name"":""TAFGA DALAL COOKING OIL-(SAUDI) 1/18LTR"",""quantity"":0.0075,""unit"":""l"",""item_code"":""221871"",""ingredient_id"":""""},{""ingredient_name"":""GARLIC (CHINA)"",""quantity"":1.8,""unit"":""g"",""item_code"":""PR000018"",""ingredient_id"":""""},{""ingredient_name"":""DRY ONION (LOCAL)"",""quantity"":30,""unit"":""g"",""item_code"":""PR000020"",""ingredient_id"":""""},{""ingredient_name"":""TOMATO (ADY)"",""quantity"":48,""unit"":""g"",""item_code"":""PR000005"",""ingredient_id"":""""},{""ingredient_name"":""(TAFGA) NOVA WATER 24/0.55-0.6LTR"",""quantity"":0.144,""unit"":""l"",""item_code"":""224894"",""ingredient_id"":""""},{""ingredient_name"":""A-AFFCO FISH SAUCE 12/700ML"",""quantity"":0.003,""unit"":""l"",""item_code"":""273104"",""ingredient_id"":""""},{""ingredient_name"":""A-TAFGA FRESHLY PEPPER BLACK PWDR 6/16Z"",""quantity"":0.27,""unit"":""g"",""item_code"":""185836"",""ingredient_id"":""""},{""ingredient_name"":""SPINACH (BDL)"",""quantity"":16,""unit"":""g"",""item_code"":""PR000061"",""ingredient_id"":""""}]",[],"6 to 7 cans (155g each) Ligo or preferred canned sardines in tomato sauce | 3 packs (approx. 50g–60g each) misua (miswa) noodles | 5 tablespoons cooking oil | 6 cloves garlic, minced | 2 medium onions, chopped | 4 medium ripe tomatoes, chopped | 6 cups water (add more if you prefer a soupier consistency) | 2 tablespoons fish sauce (patis) or salt to taste | 1 teaspoon ground black pepper | 2 bundles of pechay or spinach (optional, for extra greens)",,,[],specific,"[""KBR-384""]","[""KBR""]",,true
Sardine Sotanghon Philippines Filipino KBR-384 1 Serving,PH-022-SARDINESOTAN,Sardine Sotanghon Philippines converted from 10-person Filipino source recipe to 1 serving.,Filipino,Filipino,Main Course,1,356.7,"[{""ingredient_name"":""MAWASIM SARDINES TOM/SCE 100/155G"",""quantity"":42.5,""unit"":""g"",""item_code"":""153319"",""ingredient_id"":""""},{""ingredient_name"":""A- MAKATI CHINESE NOODLES 30/200G"",""quantity"":27.5,""unit"":""g"",""item_code"":""402514"",""ingredient_id"":""""},{""ingredient_name"":""GARLIC (CHINA)"",""quantity"":2.7,""unit"":""g"",""item_code"":""PR000018"",""ingredient_id"":""""},{""ingredient_name"":""DRY ONION (LOCAL)"",""quantity"":30,""unit"":""g"",""item_code"":""PR000020"",""ingredient_id"":""""},{""ingredient_name"":""GINGER (CHINA)"",""quantity"":2,""unit"":""g"",""item_code"":""PR000019"",""ingredient_id"":""""},{""ingredient_name"":""SPINACH (BDL)"",""quantity"":30,""unit"":""g"",""item_code"":""PR000061"",""ingredient_id"":""""},{""ingredient_name"":""(TAFGA) NOVA WATER 24/0.55-0.6LTR"",""quantity"":0.216,""unit"":""l"",""item_code"":""224894"",""ingredient_id"":""""},{""ingredient_name"":""TAFGA DALAL COOKING OIL-(SAUDI) 1/18LTR"",""quantity"":0.006,""unit"":""l"",""item_code"":""221871"",""ingredient_id"":""""}]",[],"5 large cans (approx. 425g each) of sardines in tomato sauce | 250–300 grams sotanghon (vermicelli) noodles | 8–10 cloves garlic, minced | 2 medium onions, chopped | 1 thumb-sized ginger, minced (optional, for extra warmth) | 3 bunches pechay (bok choy) or Chinese cabbage, washed and chopped | 8 to 10 cups water (adjust depending on how much soup you prefer) | 4 tablespoons cooking oil | Fish sauce (patis) and ground black pepper to taste",,,[],specific,"[""KBR-384""]","[""KBR""]",,true
Scramble Egg Philippines Filipino KBR-384 1 Serving,PH-023-SCRAMBLEEGGP,Scramble Egg Philippines converted from 10-person Filipino source recipe to 1 serving.,Filipino,Filipino,Main Course,1,216.4,"[{""ingredient_name"":""SAEDCO FRESH EGGS MEDIUM 12/30 CT"",""quantity"":2,""unit"":""pieces"",""item_code"":""142110"",""ingredient_id"":""""},{""ingredient_name"":""DRY ONION (LOCAL)"",""quantity"":45,""unit"":""g"",""item_code"":""PR000020"",""ingredient_id"":""""},{""ingredient_name"":""GARLIC (CHINA)"",""quantity"":2.7,""unit"":""g"",""item_code"":""PR000018"",""ingredient_id"":""""},{""ingredient_name"":""TOMATO (ADY)"",""quantity"":60,""unit"":""g"",""item_code"":""PR000005"",""ingredient_id"":""""},{""ingredient_name"":""TAFGA DALAL COOKING OIL-(SAUDI) 1/18LTR"",""quantity"":0.0075,""unit"":""l"",""item_code"":""221871"",""ingredient_id"":""""},{""ingredient_name"":""TAFGA REHAN SALT IODIZED 24/700G"",""quantity"":0.3,""unit"":""g"",""item_code"":""166780"",""ingredient_id"":""""},{""ingredient_name"":""A-TAFGA FRESHLY PEPPER BLACK PWDR 6/16Z"",""quantity"":0.07,""unit"":""g"",""item_code"":""185836"",""ingredient_id"":""""},{""ingredient_name"":""TAFGA MAKATI SOY SAUCE 12/750ML"",""quantity"":0.0008,""unit"":""l"",""item_code"":""100782"",""ingredient_id"":""""}]",[],"20 large eggs | 3 medium onions, diced or sliced into thin strips | 8 to 10 cloves garlic, minced | 5 Roma tomatoes, diced | 5 tablespoons cooking oil or butter | 2 1/2 teaspoons salt (or adjust to taste) | 1 1/4 teaspoons ground black pepper | 2 1/2 tablespoons fish sauce (patis) or soy sauce for extra local flavor (optional) | Chopped green onions (scallions) for garnish",,,[],specific,"[""KBR-384""]","[""KBR""]",,true
Sinigang soup Philippines Filipino KBR-384 1 Serving,PH-024-SINIGANGSOUP,Sinigang soup Philippines converted from 10-person Filipino source recipe to 1 serving.,Filipino,Filipino,Soup,1,869.5,"[{""ingredient_name"":""BEEF INDIAN B/LES FOREQUARTER FROZEN 1KG"",""quantity"":181.44,""unit"":""g"",""item_code"":""141396"",""ingredient_id"":""""},{""ingredient_name"":""(TAFGA) NOVA WATER 24/0.55-0.6LTR"",""quantity"":0.384,""unit"":""l"",""item_code"":""224894"",""ingredient_id"":""""},{""ingredient_name"":""50g total Tamarind Soup Mix"",""quantity"":2,""unit"":""g"",""item_code"":""PHMIS-007"",""ingredient_id"":""""},{""ingredient_name"":""DRY ONION (LOCAL)"",""quantity"":30,""unit"":""g"",""item_code"":""PR000020"",""ingredient_id"":""""},{""ingredient_name"":""TOMATO (ADY)"",""quantity"":48,""unit"":""g"",""item_code"":""PR000005"",""ingredient_id"":""""},{""ingredient_name"":""GARLIC (CHINA)"",""quantity"":1.2,""unit"":""g"",""item_code"":""PR000018"",""ingredient_id"":""""},{""ingredient_name"":""taro root halved"",""quantity"":60,""unit"":""g"",""item_code"":""PHMIS-016"",""ingredient_id"":""""},{""ingredient_name"":""daikon radish"",""quantity"":20,""unit"":""g"",""item_code"":""PHMIS-008"",""ingredient_id"":""""},{""ingredient_name"":""A-TAFGA SB OKRA ZERO 20/400G"",""quantity"":27,""unit"":""g"",""item_code"":""404298"",""ingredient_id"":""""},{""ingredient_name"":""GREEN BEANS"",""quantity"":25,""unit"":""g"",""item_code"":""PR000031"",""ingredient_id"":""""},{""ingredient_name"":""EGGPANT (BIG)"",""quantity"":17.5,""unit"":""g"",""item_code"":""PR000012"",""ingredient_id"":""""},{""ingredient_name"":""GREEN PEPPER (LBN)"",""quantity"":45,""unit"":""g"",""item_code"":""PR000009"",""ingredient_id"":""""},{""ingredient_name"":""SPINACH (BDL)"",""quantity"":20,""unit"":""g"",""item_code"":""PR000061"",""ingredient_id"":""""},{""ingredient_name"":""A-AFFCO FISH SAUCE 12/700ML"",""quantity"":0.0083,""unit"":""l"",""item_code"":""273104"",""ingredient_id"":""""},{""ingredient_name"":""A-TAFGA FRESHLY PEPPER BLACK PWDR 6/16Z"",""quantity"":0.07,""unit"":""g"",""item_code"":""185836"",""ingredient_id"":""""}]",[],"beef: 4 lbs beef ribs, cut into serving pieces | Water: 16 cups (or about 4 liters) | Souring Agent: 2 large packs (20g–25g each) or 50g total of Tamarind Soup Mix (Sinigang sa Sampaloc mix) | Aromatics & Base: | 2 medium onions, quartered | 4 medium tomatoes, quartered | 4 cloves garlic, minced (optional) | Vegetables: | 4 pieces taro root (gabi), peeled and halved (helps thicken the broth) | 2 medium daikon radish (labanos), sliced | 20–25 pieces okra | 2 to 3 bunches long green beans (sitaw), cut into 2-inch pieces | 3 to 4 Chinese eggplants, sliced diagonally | 3 pieces long green chili peppers (siling pansigang) | 2 bunches water spinach (kangkong), washed and trimmed | Seasoning: | 5 to 6 tablespoons fish sauce (patis), plus more to taste | ¼ teaspoon ground black pepper",,,[],specific,"[""KBR-384""]","[""KBR""]",,true
Sopas Pilippines Filipino KBR-384 1 Serving,PH-025-SOPASPILIPPI,Sopas Pilippines converted from 10-person Filipino source recipe to 1 serving.,Filipino,Filipino,Main Course,1,729.4,"[{""ingredient_name"":""TANMIAH FRESH CHICKEN 1/900G"",""quantity"":100,""unit"":""g"",""item_code"":""205101"",""ingredient_id"":""""},{""ingredient_name"":""TAFGA GOODY MACARONI ELBOW #33 24/500G"",""quantity"":84,""unit"":""g"",""item_code"":""262511"",""ingredient_id"":""""},{""ingredient_name"":""TAFGA DALAL COOKING OIL-(SAUDI) 1/18LTR"",""quantity"":0.006,""unit"":""l"",""item_code"":""221871"",""ingredient_id"":""""},{""ingredient_name"":""DRY ONION (LOCAL)"",""quantity"":30,""unit"":""g"",""item_code"":""PR000020"",""ingredient_id"":""""},{""ingredient_name"":""GARLIC (CHINA)"",""quantity"":2.4,""unit"":""g"",""item_code"":""PR000018"",""ingredient_id"":""""},{""ingredient_name"":""CARROT (AUSTALIA/CHINA)"",""quantity"":12,""unit"":""g"",""item_code"":""PR000026"",""ingredient_id"":""""},{""ingredient_name"":""celery"",""quantity"":12,""unit"":""g"",""item_code"":""PHMIS-003"",""ingredient_id"":""""},{""ingredient_name"":""CABBAGE (LOCAL)"",""quantity"":84,""unit"":""g"",""item_code"":""PR000002"",""ingredient_id"":""""},{""ingredient_name"":""A-TAFGA AMERICANA CHICKEN FRANK 24/340G"",""quantity"":40.5,""unit"":""g"",""item_code"":""182833"",""ingredient_id"":""""},{""ingredient_name"":""(TAFGA) NOVA WATER 24/0.55-0.6LTR"",""quantity"":0.312,""unit"":""l"",""item_code"":""224894"",""ingredient_id"":""""},{""ingredient_name"":""NADA UHT MILK FF 18/200ML"",""quantity"":0.0465,""unit"":""l"",""item_code"":""118807"",""ingredient_id"":""""}]",[],"Chicken: 1 kg (about 2.2 lbs) bone-in chicken breast or thighs (bones add deep flavor to the broth) | Macaroni: 3 to 4 cups uncooked elbow macaroni | Aromatics & Veggies: | 4 tbsp butter or cooking oil | 2 medium onions, diced | 8 cloves garlic, minced | 1 ½ cups carrots, diced | 1 ½ cups celery, chopped | 3 to 4 cups green cabbage, shredded | Add-ins: 8 to 10 red regular hot dogs or beef franks, sliced diagonally (classic Filipino style) | Liquid & Broth: 12 to 14 cups water (or chicken broth) plus 3 chicken bouillon cubes | Dairy: 3 cans (approx. 12 oz or 370ml each) evaporated milk | Seasoning: Salt and ground black pepper to taste",,,[],specific,"[""KBR-384""]","[""KBR""]",,true
Tinola soup Philippines Filipino KBR-384 1 Serving,PH-026-TINOLASOUPPH,Tinola soup Philippines converted from 10-person Filipino source recipe to 1 serving.,Filipino,Filipino,Soup,1,703.4,"[{""ingredient_name"":""TANMIAH FRESH CHICKEN 1/900G"",""quantity"":220,""unit"":""g"",""item_code"":""205101"",""ingredient_id"":""""},{""ingredient_name"":""GINGER (CHINA)"",""quantity"":6,""unit"":""g"",""item_code"":""PR000019"",""ingredient_id"":""""},{""ingredient_name"":""GARLIC (CHINA)"",""quantity"":2.4,""unit"":""g"",""item_code"":""PR000018"",""ingredient_id"":""""},{""ingredient_name"":""DRY ONION (LOCAL)"",""quantity"":30,""unit"":""g"",""item_code"":""PR000020"",""ingredient_id"":""""},{""ingredient_name"":""A-AFFCO FISH SAUCE 12/700ML"",""quantity"":0.0075,""unit"":""l"",""item_code"":""273104"",""ingredient_id"":""""},{""ingredient_name"":""TAFGA DALAL COOKING OIL-(SAUDI) 1/18LTR"",""quantity"":0.0075,""unit"":""l"",""item_code"":""221871"",""ingredient_id"":""""},{""ingredient_name"":""(TAFGA) NOVA WATER 24/0.55-0.6LTR"",""quantity"":0.288,""unit"":""l"",""item_code"":""224894"",""ingredient_id"":""""},{""ingredient_name"":""TAFGA MAGGI CUBES CHICKEN 24/24/20G"",""quantity"":4,""unit"":""g"",""item_code"":""102426"",""ingredient_id"":""""},{""ingredient_name"":""Green Papaya or Chayote (Sayote)"",""quantity"":90,""unit"":""g"",""item_code"":""PHMIS-018"",""ingredient_id"":""""},{""ingredient_name"":""SPINACH (BDL)"",""quantity"":48,""unit"":""g"",""item_code"":""PR000061"",""ingredient_id"":""""}]",[],"Chicken: 2.2 kg (4.5–5 lbs) bone-in chicken parts (legs, thighs, or breasts cut into serving size) | Ginger (Luya): 3 large thumbs, peeled and sliced or julienned | Garlic: 8 cloves, minced or crushed | Onion: 2 medium, sliced | Fish Sauce (Patis): 5 tablespoons | Cooking Oil: 5 tablespoons | Water: 12 cups (add more if you prefer a larger soup yield) | Chicken Bouillon Cubes: 2 pieces (optional, for extra depth) | Green Papaya or Chayote (Sayote): 2 medium, peeled and cut into wedges | Leafy Greens: 2 cups of malunggay (moringa) leaves or chili leaves (spinach works too) | Salt and ground black pepper: To taste",,,[],specific,"[""KBR-384""]","[""KBR""]",,true
Tuna Philippines Filipino KBR-384 1 Serving,PH-027-TUNAPHILIPPI,Tuna Philippines converted from 10-person Filipino source recipe to 1 serving.,Filipino,Filipino,Main Course,1,369.2,"[{""ingredient_name"":""GOODY PASTA #20 SPAGHETTI 24/450"",""quantity"":60,""unit"":""g"",""item_code"":""386762"",""ingredient_id"":""""},{""ingredient_name"":""MAWASIM/GOLDEN LT MEAT TUNA 48/160G"",""quantity"":72,""unit"":""g"",""item_code"":""267650"",""ingredient_id"":""""},{""ingredient_name"":""TAFGA DALAL COOKING OIL-(SAUDI) 1/18LTR"",""quantity"":0.006,""unit"":""l"",""item_code"":""221871"",""ingredient_id"":""""},{""ingredient_name"":""GARLIC (CHINA)"",""quantity"":6,""unit"":""g"",""item_code"":""PR000018"",""ingredient_id"":""""},{""ingredient_name"":""DRY ONION (LOCAL)"",""quantity"":30,""unit"":""g"",""item_code"":""PR000020"",""ingredient_id"":""""},{""ingredient_name"":""TAFGA MARAI COOKING CREAM 12/1LTR"",""quantity"":0.0568,""unit"":""l"",""item_code"":""342384"",""ingredient_id"":""""},{""ingredient_name"":""TAFGA MARAI COOKING CREAM 12/1LTR"",""quantity"":0.05,""unit"":""l"",""item_code"":""342384"",""ingredient_id"":""""},{""ingredient_name"":""TAFGA SLICED CHEESE 9/800G"",""quantity"":40,""unit"":""g"",""item_code"":""171301"",""ingredient_id"":""""},{""ingredient_name"":""(TAFGA) NOVA WATER 24/0.55-0.6LTR"",""quantity"":0.048,""unit"":""l"",""item_code"":""224894"",""ingredient_id"":""""},{""ingredient_name"":""AL OSRA SUGAR FINE 10/2KG"",""quantity"":0.42,""unit"":""g"",""item_code"":""176065"",""ingredient_id"":""""}]",[],"600g spaghetti pasta | 4 cans (180g each) tuna flakes in vegetable oil, well drained (doubled from the base recipe) | ¼ cup butter or oil from the tuna | 4 Tbsp minced garlic | 2 medium yellow onions, minced | 2 cans (284ml each) cream of mushroom (or substitute with a large can of evaporated milk) | 2 tetra packs (250ml each) all-purpose cream | 400g cheese, grated (any quick-melt or cheddar brand) | 2 cups reserved water from boiled pasta | 1 tsp white sugar | Salt and ground black pepper to taste | Chopped parsley for garnish",,,[],specific,"[""KBR-384""]","[""KBR""]",,true
White hamour fry fish Philippines Filipino KBR-384 1 Serving,PH-028-WHITEHAMOURF,White hamour fry fish Philippines converted from 10-person Filipino source recipe to 1 serving.,Filipino,Filipino,Main Course,1,356.5,"[{""ingredient_name"":""TAFGA WHITE / HAMOUR FISH FILLET 1/1KG"",""quantity"":250,""unit"":""g"",""item_code"":""144669"",""ingredient_id"":""""},{""ingredient_name"":""LEMON (AFRICAN/TURKEY)"",""quantity"":7.5,""unit"":""g"",""item_code"":""PR000090"",""ingredient_id"":""""},{""ingredient_name"":""GARLIC (CHINA)"",""quantity"":0.6,""unit"":""g"",""item_code"":""PR000018"",""ingredient_id"":""""},{""ingredient_name"":""TAFGA REHAN SALT IODIZED 24/700G"",""quantity"":1.5,""unit"":""g"",""item_code"":""166780"",""ingredient_id"":""""},{""ingredient_name"":""A-TAFGA FRESHLY PEPPER BLACK PWDR 6/16Z"",""quantity"":0.4,""unit"":""g"",""item_code"":""185836"",""ingredient_id"":""""},{""ingredient_name"":""A-AL AMC CORN STARCH 1/25KG"",""quantity"":12.5,""unit"":""g"",""item_code"":""139554"",""ingredient_id"":""""},{""ingredient_name"":""TAFGA DALAL COOKING OIL-(SAUDI) 1/18LTR"",""quantity"":0.084,""unit"":""l"",""item_code"":""221871"",""ingredient_id"":""""}]",[],"White Hamour Fillets or Steaks: 2.5 kg (about 250g per person) | Calamansi or Lime Juice: 5 tablespoons (about 10-12 calamansi) | Garlic: 2 whole bulbs, minced (divided: half for marinating, half for frying crisp) | Salt: 2.5 teaspoons | Ground Black Pepper: 1.5 teaspoons | All-Purpose Flour or Cornstarch: 1 cup (for light dredging and extra crunch) | Cooking Oil: 3 to 4 cups (for deep or shallow frying)",,,[],specific,"[""KBR-384""]","[""KBR""]",,true
