item_code,name,ingredient_code,sku,alias,supplier_item_name,unit,category,cuisine_type,cost_per_unit,package_base_quantity,package_base_unit,calories_per_100g,protein_per_100g,carbs_per_100g,fat_per_100g,sodium_per_100g,sugar_per_100g,cooking_yield_percent,shrinkage_percent,raw_weight_per_unit,cooked_weight_per_unit,allergens,is_active
182376,A-TAFGA ORIENT GARDEN BAKING SODA 12/12Z,182376,182376,,A-TAFGA ORIENT GARDEN BAKING SODA 12/12Z,EA,BAKERY,,9.022948,0.34019428,kg,0,0,0,0,27360,0,100,0,1,1,[],TRUE
230797,A-TAFGA SB PUFF PASTRY SQUARE 18/400G,230797,230797,,A-TAFGA SB PUFF PASTRY SQUARE 18/400G,EA,BAKERY,,6.450004,0.4,kg,558,7,45,38,253,1,100,0,1,1,"[""wheat"", ""gluten"", ""milk""]",TRUE
272674,FONTE BREAD CRUMBS 1/500G,272674,272674,,FONTE BREAD CRUMBS 1/500G,EA,BAKERY,,4.5,0.5,kg,395,13,72,5,732,6,100,0,1,1,"[""wheat"", ""gluten""]",TRUE
BK000001,SLICED BREAD WHITE,BK000001,BK000001,,SLICED BREAD WHITE,PAK,BAKERY,,2.7,,,265,9,49,3.2,491,5,100,0,1,1,"[""wheat"", ""gluten""]",TRUE
BK000002,SLICED BREAD BROWN,BK000002,BK000002,,SLICED BREAD BROWN,PAK,BAKERY,,3.25,,,265,9,49,3.2,491,5,100,0,1,1,"[""wheat"", ""gluten""]",TRUE
BK000003,LUSINE BURGER BUN PLAIN,BK000003,BK000003,,LUSINE BURGER BUN PLAIN,PAK,BAKERY,,0,,,250,14,5,19,850,1,100,0,1,1,"[""wheat"", ""soy""]",TRUE
BK000004,ARABIC BREAD WHITE,BK000004,BK000004,,ARABIC BREAD WHITE,PAK,BAKERY,,0.95,,,265,9,49,3.2,491,5,100,0,1,1,"[""wheat"", ""gluten""]",TRUE
BK000005,ARABIC BREAD BROWN,BK000005,BK000005,,ARABIC BREAD BROWN,PAK,BAKERY,,0.95,,,265,9,49,3.2,491,5,100,0,1,1,"[""wheat"", ""gluten""]",TRUE
224894,(TAFGA) NOVA WATER 24/0.55-0.6LTR,224894,224894,,(TAFGA) NOVA WATER 24/0.55-0.6LTR,EA,BEVERAGES,,0.641667,0.55,l,0,0,0,0,0,0,100,0,1,1,[],TRUE
224895,TAFGA NOVA WATER 40/0.33LTR,224895,224895,,TAFGA NOVA WATER 40/0.33LTR,EA,BEVERAGES,,0.403018,0.33,l,0,0,0,0,0,0,100,0,1,1,[],TRUE
345557,BERAIN MINERAL WATER 2/12LTR,345557,345557,,BERAIN MINERAL WATER 2/12LTR,EA,BEVERAGES,,5,12,l,0,0,0,0,0,0,100,0,1,1,[],TRUE
379401,TFG AL RABIE APPLE JUCIE 8/1LTR,379401,379401,,TFG AL RABIE APPLE JUCIE 8/1LTR,EA,BEVERAGES,,4.365,1,l,45,0.3,11,0.1,3,10,100,0,1,1,[],TRUE
379403,TFG AL RABIE FRT C/TAIL JUCIE 8/1LTR,379403,379403,,TFG AL RABIE FRT C/TAIL JUCIE 8/1LTR,EA,BEVERAGES,,5.87535,1,l,45,0.3,11,0.1,3,10,100,0,1,1,[],TRUE
379404,TFG AL RABIE MANGO JUCIE 8/1LTR,379404,379404,,TFG AL RABIE MANGO JUCIE 8/1LTR,EA,BEVERAGES,,5.867927,1,l,45,0.3,11,0.1,3,10,100,0,1,1,[],TRUE
379405,TFG AL RABIE ORANGE JUCIE 8/1LTR,379405,379405,,TFG AL RABIE ORANGE JUCIE 8/1LTR,EA,BEVERAGES,,4.6075,1,l,45,0.3,11,0.1,3,10,100,0,1,1,[],TRUE
BR000097,BERAIN WATER BOTTLE 40/330ML,BR000097,BR000097,,BERAIN WATER BOTTLE 40/330ML,EA,BEVERAGES,,0.225,0.33,l,0,0,0,0,0,0,100,0,1,1,[],TRUE
BR000106,COCA COLA CAN 30/250ML,BR000106,BR000106,,COCA COLA CAN 30/250ML,EA,BEVERAGES,,1.446333,0.25,l,42,0,10.6,0,5,10.6,100,0,1,1,[],TRUE
BR000107,COCA COLA LT CAN 30/250ML,BR000107,BR000107,,COCA COLA LT CAN 30/250ML,EA,BEVERAGES,,1.446333,0.25,l,42,0,10.6,0,5,10.6,100,0,1,1,[],TRUE
BR000109,SPRITE CAN 30/250ML,BR000109,BR000109,,SPRITE CAN 30/250ML,EA,BEVERAGES,,1.446333,0.25,l,42,0,10.6,0,5,10.6,100,0,1,1,[],TRUE
BR000280,NESTLE WATER 42/330ML,BR000280,BR000280,,NESTLE WATER 42/330ML,EA,BEVERAGES,,0,0.33,l,0,0,0,0,0,0,100,0,1,1,[],TRUE
BR000346,KINZA CITRUS 30/250ML,BR000346,BR000346,,KINZA CITRUS 30/250ML,EA,BEVERAGES,,1.043333,0.25,l,40,0,10,0,5,9,100,0,1,1,[],TRUE
BR000347,KINZA ORANGE 30/250ML,BR000347,BR000347,,KINZA ORANGE 30/250ML,EA,BEVERAGES,,1.043333,0.25,l,40,0,10,0,5,9,100,0,1,1,[],TRUE
BR000349,KINZA LEMON 30/250ML,BR000349,BR000349,,KINZA LEMON 30/250ML,EA,BEVERAGES,,1.043333,0.25,l,29,1.1,9.3,0.3,2,2.5,60,40,1,0.6,[],TRUE
BR000351,KINZA COLA 30/250ML,BR000351,BR000351,,KINZA COLA 30/250ML,EA,BEVERAGES,,1.043333,0.25,l,42,0,10.6,0,5,10.6,100,0,1,1,[],TRUE
132787,(TAFGA) STEEL POLISH 12/400ML,132787,132787,,(TAFGA) STEEL POLISH 12/400ML,EA,CHEMICAL,,6.002509,0.4,l,0,0,0,0,0,0,100,0,1,1,[],TRUE
133443,(TAFGA) LUX SOAP ASST 72/120G,133443,133443,,(TAFGA) LUX SOAP ASST 72/120G,EA,CHEMICAL,,2.403944,0.12,kg,0,0,0,0,0,0,100,0,1,1,[],TRUE
140165,ROZZET HAND LIQUID SOAP PINK 4/5LTR,140165,140165,,ROZZET HAND LIQUID SOAP PINK 4/5LTR,EA,CHEMICAL,,0,5,l,0,0,0,0,0,0,100,0,1,1,[],TRUE
165437,CLOROX BLEA 6/1GALLON,165437,165437,,CLOROX BLEA 6/1GALLON,EA,CHEMICAL,,16.357474,,,0,0,0,0,0,0,100,0,1,1,[],TRUE
169246,DIXIE GLASS CLEANER 12/600ML,169246,169246,,DIXIE GLASS CLEANER 12/600ML,EA,CHEMICAL,,2.913946,0.6,l,0,0,0,0,0,0,100,0,1,1,[],TRUE
189387,COTTAGE ROSE AIR FRESHNER 12/300ML,189387,189387,,COTTAGE ROSE  AIR FRESHNER 12/300ML,EA,CHEMICAL,,3.601208,0.3,l,0,0,0,0,0,0,100,0,1,1,[],TRUE
200361,(TAFGA) DOVE CREAM SOAP PINK 72/135G,200361,200361,,(TAFGA) DOVE CREAM SOAP PINK 72/135G,EA,CHEMICAL,,4.157622,0.135,kg,340,2.1,3,36,38,3,100,0,1,1,"[""milk""]",TRUE
218664,TFGA HAND SOAP LIQ LEMON 4/5LTR,218664,218664,,TFGA HAND SOAP LIQ LEMON 4/5LTR,EA,CHEMICAL,,18.746022,5,l,29,1.1,9.3,0.3,2,2.5,60,40,1,0.6,[],TRUE
254320,TAFGA ARIEL DETERGENTS HS MB 4/3KG,254320,254320,,TAFGA ARIEL DETERGENTS HS MB 4/3KG,EA,CHEMICAL,,24.952102,3,kg,0,0,0,0,0,0,100,0,1,1,[],TRUE
267425,TAFGA PIF PAF INSECT KILLER 12/300ML,267425,267425,,TAFGA PIF PAF INSECT KILLER 12/300ML,EA,CHEMICAL,,5.675633,0.3,l,0,0,0,0,0,0,100,0,1,1,[],TRUE
270297,TAFGA FLASH PLUS BOWL CLEANER 12/1000ML,270297,270297,,TAFGA FLASH PLUS BOWL CLEANER 12/1000ML,EA,CHEMICAL,,3.166662,1,l,0,0,0,0,0,0,100,0,1,1,[],TRUE
279994,TFGA WHITE DETERGENT POWDER 1/25KG,279994,279994,,TFGA WHITE DETERGENT POWDER 1/25KG,EA,CHEMICAL,,72.010973,25,kg,0,0,0,0,0,0,100,0,1,1,[],TRUE
330261,GENTO DISINFECTANT FLOWER 6/3LTR,330261,330261,,GENTO DISINFECTANT FLOWER 6/3LTR,EA,CHEMICAL,,12.166662,3,l,0,0,0,0,0,0,100,0,1,1,[],TRUE
332791,TAFGA CHLORINE TABLETS 6/200CT,332791,332791,,TAFGA CHLORINE TABLETS 6/200CT,PAK,CHEMICAL,,120,200,pieces,0,0,0,0,0,0,100,0,1,1,[],TRUE
343925,TAFGA DOVE SOAP 72/75G,343925,343925,,TAFGA DOVE SOAP 72/75G,EA,CHEMICAL,,2.975459,0.075,kg,0,0,0,0,0,0,100,0,1,1,[],TRUE
387037,FAIRY LEMON 12/900ML,387037,387037,,FAIRY LEMON 12/900ML,EA,CHEMICAL,,11.416669,0.9,l,29,1.1,9.3,0.3,2,2.5,60,40,1,0.6,[],TRUE
CH000436,CHROLINE STRIPS 1/2CT,CH000436,CH000436,,CHROLINE STRIPS 1/2CT,EA,CHEMICAL,,50,2,pieces,0,0,0,0,0,0,100,0,1,1,[],TRUE
118807,NADA UHT MILK FF 18/200ML,118807,118807,,NADA UHT MILK FF 18/200ML,EA,DAIRY,,1.25,0.2,l,61,3.2,4.8,3.3,43,5.1,100,0,1,1,"[""milk""]",TRUE
153758,A-TAFGA BONNY MILK EVAP 96/170G,153758,153758,,A-TAFGA BONNY MILK EVAP 96/170G,EA,DAIRY,,2.186782,0.17,kg,61,3.2,4.8,3.3,43,5.1,100,0,1,1,"[""milk""]",TRUE
164604,TAFGA MARGARINE 1/5/2KG,164604,164604,,TAFGA MARGARINE 1/5/2KG,PAK,DAIRY,,23.75001,10,kg,717,0.9,0.1,81,11,0.1,100,0,1,1,"[""milk""]",TRUE
171301,TAFGA SLICED CHEESE 9/800G,171301,171301,,TAFGA SLICED CHEESE 9/800G,EA,DAIRY,,17.648206,0.8,kg,350,25,2.2,27,650,1,100,0,1,1,"[""milk""]",TRUE
342384,TAFGA MARAI COOKING CREAM 12/1LTR,342384,342384,,TAFGA MARAI COOKING CREAM 12/1LTR,EA,DAIRY,,19.7,1,l,340,2.1,3,36,38,3,100,0,1,1,"[""milk""]",TRUE
DR000003,AL MARAI YOGURT/ZABADI FF 1/170G,DR000003,DR000003,,AL MARAI YOGURT/ZABADI FF 1/170G,EA,DAIRY,,1.25,0.17,kg,61,3.5,4.7,3.3,46,4.7,100,0,1,1,"[""milk""]",TRUE
DR000005,AL MARAI UHT MILF FF 12/1LTR,DR000005,DR000005,,AL MARAI UHT MILF FF 12/1LTR,EA,DAIRY,,3.410001,1,l,61,3.2,4.8,3.3,43,5.1,100,0,1,1,"[""milk""]",TRUE
DR000017,AL MARAI LABAN LF VIT 1/180ML,DR000017,DR000017,,AL MARAI LABAN LF VIT 1/180ML,EA,DAIRY,,0,0.18,l,61,3.2,4.8,3.3,43,5.1,100,0,1,1,"[""milk""]",TRUE
DR000034,NADA MILK FF UHT 12/1 LTR,DR000034,DR000034,,NADA MILK FF UHT 12/1 LTR,EA,DAIRY,,0,1,l,61,3.2,4.8,3.3,43,5.1,100,0,1,1,"[""milk""]",TRUE
DR000039,AL MARAI BUTTER UNSALT 4/100/10G,DR000039,DR000039,,AL MARAI BUTTER UNSALT 4/100/10G,PAK,DAIRY,,36.153056,1,kg,0,0,0,0,38758,0,100,0,1,1,[],TRUE
DR000284,ALMARAI LABNEH FF 1/2.75KG,DR000284,DR000284,,ALMARAI LABNEH FF 1/2.75KG,EA,DAIRY,,66,2.75,kg,61,3.5,4.7,3.3,46,4.7,100,0,1,1,"[""milk""]",TRUE
DR000390,AL MARAI MOZZARELLA CHEESE 6/900GM,DR000390,DR000390,,AL MARAI MOZZARELLA CHEESE 6/900GM,EA,DAIRY,,35.57,0.9,kg,350,25,2.2,27,650,1,100,0,1,1,"[""milk""]",TRUE
100782,TAFGA MAKATI SOY SAUCE 12/750ML,100782,100782,,TAFGA MAKATI SOY SAUCE 12/750ML,EA,GROCERY,,8.225,0.75,l,53,8,4.9,0.6,5493,0.4,100,0,1,1,"[""soy"", ""wheat"", ""gluten""]",TRUE
102426,TAFGA MAGGI CUBES CHICKEN 24/24/20G,102426,102426,,TAFGA MAGGI CUBES CHICKEN 24/24/20G,EA,GROCERY,,0.814965,0.02,kg,120,21.5,0,3.1,70,0,75,25,1,0.75,[],TRUE
103023,TAFGA LUNA TOMATO PASTE 24/400G,103023,103023,,TAFGA LUNA TOMATO PASTE 24/400G,EA,GROCERY,,3.791673,0.4,kg,82,4.3,19,0.5,59,12,100,0,1,1,[],TRUE
110196,A-(TAFGA) AFFCO OYSTER SAUCE 12/600ML,110196,110196,,A-(TAFGA) AFFCO OYSTER SAUCE 12/600ML,EA,GROCERY,,10.916665,0.6,l,51,1.4,11,0.3,2733,7,100,0,1,1,"[""mollusc"", ""soy"", ""wheat"", ""gluten""]",TRUE
111278,TFG RIYADH/HAIEL WHITE OATS 24/400G,111278,111278,,TFG RIYADH/HAIEL WHITE OATS 24/400G,EA,GROCERY,,3.480606,0.4,kg,389,16.9,66.3,6.9,2,1,100,0,1,1,"[""gluten""]",TRUE
132822,A-TAFGA SHIFA HONEY 12/500G,132822,132822,,A-TAFGA SHIFA HONEY 12/500G,EA,GROCERY,,19.494518,0.5,kg,304,0.3,82.4,0,4,82.1,100,0,1,1,[],TRUE
132827,CAFE EXTRA MILD 12/200G,132827,132827,,CAFE EXTRA MILD 12/200G,EA,GROCERY,,14.574515,0.2,kg,2,0.1,0,0,2,0,100,0,1,1,[],TRUE
132875,TFGA CUSTARD POWDER 24/450G,132875,132875,,TFGA CUSTARD POWDER 24/450G,EA,GROCERY,,7.27551,0.45,kg,350,0.5,88,0.5,250,0,100,0,1,1,"[""milk""]",TRUE
132925,GARLIC CUPS DISP WATNIA 20/100CT,132925,132925,,GARLIC CUPS DISP WATNIA 20/100CT,PAK,GROCERY,,3.383235,100,pieces,149,6.4,33.1,0.5,17,1,87,13,1,0.87,[],TRUE
133054,ELKEIF THAI CHILLI WHOLE 1/5KG,133054,133054,,ELKEIF THAI CHILLI WHOLE 1/5KG,KG,GROCERY,,25,5,kg,282,12,50,14,20,2,100,0,1,1,[],TRUE
133106,BASHAYER PAK VERMICELLI 48/150G,133106,133106,,BASHAYER PAK VERMICELLI 48/150G,EA,GROCERY,,0.880132,0.15,kg,371,13,75,1.5,6,2.7,100,0,1,1,"[""wheat"", ""gluten""]",TRUE
133501,A-GLORIA SAN HOT SAUCE 36/3Z,133501,133501,,A-GLORIA SAN HOT SAUCE 36/3Z,EA,GROCERY,,0.919458,0.08504857,kg,250,5,45,5,100,5,100,0,1,1,[],TRUE
138855,A-FOOM WHEAT FLOUR 1/45KG,138855,138855,,A-FOOM WHEAT FLOUR 1/45KG,KG,GROCERY,,0.788889,45,kg,364,10.3,76,1,2,0.3,100,0,1,1,"[""wheat"", ""gluten""]",TRUE
139287,MELLOW PULSE LENTIL BROWN WHOLE 1/15KG,139287,139287,,MELLOW PULSE LENTIL BROWN WHOLE 1/15KG,KG,GROCERY,,0,15,kg,250,5,45,5,100,5,100,0,1,1,[],TRUE
139364,A-TAFGA MELLOW URID DAL 1/15KG,139364,139364,,A-TAFGA MELLOW URID DAL 1/15KG,KG,GROCERY,,6.798457,15,kg,250,5,45,5,100,5,100,0,1,1,[],TRUE
139374,TAFGA PARMEL RICE 1/40KG,139374,139374,,TAFGA PARMEL RICE 1/40KG,KG,GROCERY,,0,40,kg,365,7.1,80,0.7,5,0.1,100,0,1,1,[],TRUE
139554,A-AL AMC CORN STARCH 1/25KG,139554,139554,,A-AL AMC CORN STARCH 1/25KG,KG,GROCERY,,2.5996,25,kg,250,5,45,5,100,5,100,0,1,1,[],TRUE
139779,A-TFG TOMEX BELGIUM VEG BROCOLLI 4/2.5KG,139779,139779,,A-TFG TOMEX BELGIUM VEG BROCOLLI 4/2.5KG,EA,GROCERY,,23.090125,2.5,kg,250,5,45,5,100,5,100,0,1,1,[],TRUE
139791,A-GEKO FRENCH FRIES SIZE 9X9 4/2.5KG,139791,139791,,A-GEKO FRENCH FRIES SIZE 9X9 4/2.5KG,EA,GROCERY,,11.859375,2.5,kg,250,5,45,5,100,5,100,0,1,1,[],TRUE
139799,VEG FROGEL CAULIFLOWER 1/10KG,139799,139799,,VEG FROGEL CAULIFLOWER 1/10KG,CS,GROCERY,,0,10,kg,250,5,45,5,100,5,100,0,1,1,[],TRUE
139837,TFG BOREAL/TOMEX BELGIUM SPINACH 4/2.5KG,139837,139837,,TFG BOREAL/TOMEX BELGIUM SPINACH 4/2.5KG,PAK,GROCERY,,13.500014,2.5,kg,250,5,45,5,100,5,100,0,1,1,[],TRUE
139845,A-TFG FRESHLY FRUIT C/TAIL 6/2.5KG,139845,139845,,A-TFG FRESHLY FRUIT C/TAIL 6/2.5KG,EA,GROCERY,,28.20265,2.5,kg,250,5,45,5,100,5,100,0,1,1,[],TRUE
139860,A-ADELCO BURGHUL (FINE)1/15KG,139860,139860,,A-ADELCO BURGHUL (FINE)1/15KG,KG,GROCERY,,3.6,15,kg,250,5,45,5,100,5,100,0,1,1,[],TRUE
139862,OBA SEMOLINA 1/15KG,139862,139862,,OBA SEMOLINA 1/15KG,KG,GROCERY,,4,15,kg,250,5,45,5,100,5,100,0,1,1,[],TRUE
139868,AAA WHITE THAI RICE 1/40KG,139868,139868,,AAA WHITE THAI RICE  1/40KG,KG,GROCERY,,2.999164,40,kg,365,7.1,80,0.7,5,0.1,100,0,1,1,[],TRUE
140068,A-88 RED KIDNEY BEANS 1/15KG,140068,140068,,A-88 RED KIDNEY BEANS 1/15KG,KG,GROCERY,,8.633822,15,kg,250,5,45,5,100,5,100,0,1,1,[],TRUE
142007,A-MELLOW PULSE RED LENTIL 1/15KG,142007,142007,,A-MELLOW PULSE RED LENTIL 1/15KG,KG,GROCERY,,4.399431,15,kg,250,5,45,5,100,5,100,0,1,1,[],TRUE
145008,A-TAFGA REHAN JELLY S/BERRY 4/3KG,145008,145008,,A-TAFGA REHAN JELLY S/BERRY 4/3KG,EA,GROCERY,,25,3,kg,250,5,45,5,100,5,100,0,1,1,[],TRUE
147040,TFG NIAZ BAY LEAVES 1/1KG,147040,147040,,TFG NIAZ BAY LEAVES 1/1KG,CS,GROCERY,,15.260333,1,kg,250,5,45,5,100,5,100,0,1,1,[],TRUE
147042,AL NASEEL TAFGA P/P WALNUT 1/1KG,147042,147042,,AL NASEEL TAFGA P/P WALNUT 1/1KG,CS,GROCERY,,40.5726,1,kg,250,5,45,5,100,5,100,0,1,1,[],TRUE
147047,TFG NIAZ LEMON DRY 1/1KG,147047,147047,,TFG NIAZ LEMON DRY 1/1KG,CS,GROCERY,,14.7425,1,kg,29,1.1,9.3,0.3,2,2.5,60,40,1,0.6,[],TRUE
153319,MAWASIM SARDINES TOM/SCE 100/155G,153319,153319,,MAWASIM SARDINES TOM/SCE 100/155G,EA,GROCERY,,2.280014,0.155,kg,250,5,45,5,100,5,100,0,1,1,[],TRUE
154783,TAFGA SB FRENCH FRIES 4/2.5KG,154783,154783,,TAFGA SB FRENCH FRIES 4/2.5KG,EA,GROCERY,,13.56375,2.5,kg,250,5,45,5,100,5,100,0,1,1,[],TRUE
155583,A-TAFGA ADELCO HAREES TURKEY 1/10KG,155583,155583,,A-TAFGA ADELCO HAREES TURKEY 1/10KG,KG,GROCERY,,4.310557,10,kg,250,5,45,5,100,5,100,0,1,1,[],TRUE
161290,A-TFGA AFFCO TOMATO KETCHUP 4/5KG,161290,161290,,A-TFGA AFFCO TOMATO KETCHUP 4/5KG,EA,GROCERY,,23.91885,5,kg,18,0.9,3.9,0.2,5,2.6,95,5,1,0.95,[],TRUE
166780,TAFGA REHAN SALT IODIZED 24/700G,166780,166780,,TAFGA REHAN SALT IODIZED 24/700G,EA,GROCERY,,0.79,0.7,kg,0,0,0,0,38758,0,100,0,1,1,[],TRUE
174476,AFCO COCONUT MILK POWDER 12/300G,174476,174476,,AFCO COCONUT MILK POWDER 12/300G,EA,GROCERY,,9.580833,0.3,kg,61,3.2,4.8,3.3,43,5.1,100,0,1,1,"[""milk""]",TRUE
176065,AL OSRA SUGAR FINE 10/2KG,176065,176065,,AL OSRA SUGAR FINE 10/2KG,EA,GROCERY,,7.235844,2,kg,387,0,100,0,1,100,100,0,1,1,[],TRUE
179312,(TAFGA) MAWASIM KETCHUP 24/340G,179312,179312,,(TAFGA) MAWASIM KETCHUP 24/340G,EA,GROCERY,,2.275539,0.34,kg,250,5,45,5,100,5,100,0,1,1,[],TRUE
179550,A-AFFCO RICE STK (P/BIHON) 30/227G-212012,179550,179550,,A-AFFCO RICE STK (P/BIHON) 30/227G-212012,EA,GROCERY,,4.100905,0.227,kg,365,7.1,80,0.7,5,0.1,100,0,1,1,[],TRUE
180576,TAFGA CAMEL PICKLE MIXED 12/400G,180576,180576,,TAFGA CAMEL PICKLE MIXED 12/400G,EA,GROCERY,,5.333775,0.4,kg,250,5,45,5,100,5,100,0,1,1,[],TRUE
180808,A-TAFGA MELLOW DAL MOONG WHL 1/15KG,180808,180808,,A-TAFGA MELLOW DAL MOONG WHL 1/15KG,KG,GROCERY,,5.866667,15,kg,250,5,45,5,100,5,100,0,1,1,[],TRUE
185208,TAFGA OLIVE OIL 12/500ML,185208,185208,,TAFGA OLIVE OIL 12/500ML,EA,GROCERY,,11.67905,0.5,l,884,0,0,100,0,0,100,0,1,1,[],TRUE
185539,COCONUT MILK POWDER 12/300G,185539,185539,,COCONUT MILK POWDER  12/300G,EA,GROCERY,,13.877866,0.3,kg,61,3.2,4.8,3.3,43,5.1,100,0,1,1,"[""milk""]",TRUE
185818,A-TFG FRESHLY BASIL LEAVES U.S 6/5Z,185818,185818,,A-TFG FRESHLY BASIL LEAVES U.S  6/5Z,EA,GROCERY,,22.438929,0.14174762,kg,250,5,45,5,100,5,100,0,1,1,[],TRUE
185836,A-TAFGA FRESHLY PEPPER BLACK PWDR 6/16Z,185836,185836,,A-TAFGA FRESHLY PEPPER BLACK PWDR 6/16Z,EA,GROCERY,,53.26765,0.45359237,kg,250,5,45,5,100,5,100,0,1,1,[],TRUE
185837,A-TAFGA FRESHLY WHT PEPPER PDWR 6/16Z,185837,185837,,A-TAFGA FRESHLY WHT PEPPER PDWR 6/16Z,EA,GROCERY,,70.552273,0.45359237,kg,250,5,45,5,100,5,100,0,1,1,[],TRUE
187167,TAFGA HOMMOS TAHINA 24/380G,187167,187167,,TAFGA HOMMOS TAHINA 24/380G,EA,GROCERY,,2.20833,0.38,kg,250,5,45,5,100,5,100,0,1,1,[],TRUE
188559,A-FOOM WHITE FLOUR 1/45KG,188559,188559,,A-FOOM WHITE FLOUR 1/45KG,KG,GROCERY,,0.611111,45,kg,364,10.3,76,1,2,0.3,100,0,1,1,"[""wheat"", ""gluten""]",TRUE
190082,A-ALMANAKIL SUMAC NO.1 1/KG,190082,190082,,A-ALMANAKIL SUMAC NO.1 1/KG,KG,GROCERY,,9.2,,,250,5,45,5,100,5,100,0,1,1,[],TRUE
191262,A-TFGA LUNA FOUL MEDAMAS 24/400G,191262,191262,,A-TFGA LUNA FOUL MEDAMAS 24/400G,EA,GROCERY,,1.960765,0.4,kg,250,5,45,5,100,5,100,0,1,1,[],TRUE
191743,WADI HONEY 12/375-385G,191743,191743,,WADI HONEY 12/375-385G,EA,GROCERY,,6.997343,0.375,kg,304,0.3,82.4,0,4,82.1,100,0,1,1,[],TRUE
191744,TAFGA SPANISH BLACK OLIVES WHOLE 12/370G,191744,191744,,TAFGA SPANISH BLACK OLIVES WHOLE 12/370G,EA,GROCERY,,5.666736,0.37,kg,250,5,45,5,100,5,100,0,1,1,[],TRUE
191892,TAFGA LUNA RED KIDNEY BEANS 24/400G,191892,191892,,TAFGA LUNA RED KIDNEY BEANS 24/400G,EA,GROCERY,,3.5,0.4,kg,250,5,45,5,100,5,100,0,1,1,[],TRUE
198273,TAFGA M.S.G. 20/400G,198273,198273,,TAFGA M.S.G. 20/400G,EA,GROCERY,,1.30005,0.4,kg,250,5,45,5,100,5,100,0,1,1,[],TRUE
199838,A-(TAFGA) AFFCO SWEET CORN 6/3KG,199838,199838,,A-(TAFGA) AFFCO SWEET CORN 6/3KG,PAK,GROCERY,,15.52675,3,kg,250,5,45,5,100,5,100,0,1,1,[],TRUE
199922,A-TAFGA AFFCO SWEET CHILLI SAUCE 12/700ML,199922,199922,,A-TAFGA AFFCO SWEET CHILLI SAUCE 12/700ML,EA,GROCERY,,7.66664,0.7,l,282,12,50,14,20,2,100,0,1,1,[],TRUE
201773,TAFGA CREAM CARAMEL 4/3KG,201773,201773,,TAFGA CREAM CARAMEL 4/3KG,PAK,GROCERY,,25.5,3,kg,340,2.1,3,36,38,3,100,0,1,1,"[""milk""]",TRUE
204980,TAFGA LIQ TAHINA 12/1KG,204980,204980,,TAFGA LIQ TAHINA 12/1KG,EA,GROCERY,,36.083344,1,kg,250,5,45,5,100,5,100,0,1,1,[],TRUE
213346,BAIDAR POMEGRANATE MOLASSES 12/700G,213346,213346,,BAIDAR POMEGRANATE MOLASSES 12/700G,EA,GROCERY,,14.583333,0.7,kg,250,5,45,5,100,5,100,0,1,1,[],TRUE
218618,TAFGA GOODY WHOLE MUSHROOM 24/400G,218618,218618,,TAFGA GOODY WHOLE MUSHROOM 24/400G,EA,GROCERY,,7.449229,0.4,kg,250,5,45,5,100,5,100,0,1,1,[],TRUE
221871,TAFGA DALAL COOKING OIL-(SAUDI) 1/18LTR,221871,221871,,TAFGA DALAL COOKING OIL-(SAUDI) 1/18LTR,EA,GROCERY,,104.273975,18,l,884,0,0,100,0,0,100,0,1,1,[],TRUE
242795,ALMARAI BUTTER GHEE 6/1600G,242795,242795,,ALMARAI BUTTER GHEE 6/1600G,EA,GROCERY,,35.905962,1.6,kg,717,0.9,0.1,81,11,0.1,100,0,1,1,"[""milk""]",TRUE
255114,A-UJAJ ROCK COOKING SALT 1/50KG,255114,255114,,A-UJAJ ROCK COOKING SALT 1/50KG,KG,GROCERY,,0.46,50,kg,0,0,0,0,38758,0,100,0,1,1,[],TRUE
262233,TAFGA NESCAFE CLASIC COFFEE 12/200G,262233,262233,,TAFGA NESCAFE CLASIC COFFEE 12/200G,EA,GROCERY,,19.44125,0.2,kg,2,0.1,0,0,2,0,100,0,1,1,[],TRUE
262241,A-TAFGA NESTLE COFFEEMATE COFE 15/400G,262241,262241,,A-TAFGA NESTLE COFFEEMATE COFE 15/400G,EA,GROCERY,,8.759678,0.4,kg,2,0.1,0,0,2,0,100,0,1,1,[],TRUE
262511,TAFGA GOODY MACARONI ELBOW #33 24/500G,262511,262511,,TAFGA GOODY MACARONI ELBOW #33 24/500G,EA,GROCERY,,4.302311,0.5,kg,371,13,75,1.5,6,2.7,100,0,1,1,"[""wheat"", ""gluten""]",TRUE
265809,GOODY FETTUCCINI 24/450G,265809,265809,,GOODY FETTUCCINI 24/450G,EA,GROCERY,,12.6825,0.45,kg,250,5,45,5,100,5,100,0,1,1,[],TRUE
266115,A-TFG MAMIA ROSE WATER 12/430ML,266115,266115,,A-TFG MAMIA ROSE WATER 12/430ML,EA,GROCERY,,1.750384,0.43,l,0,0,0,0,0,0,100,0,1,1,[],TRUE
267491,TAFGA CH/GARDEN MIXED PICKLE 12/1KG,267491,267491,,TAFGA CH/GARDEN MIXED PICKLE 12/1KG,EA,GROCERY,,9.916668,1,kg,250,5,45,5,100,5,100,0,1,1,[],TRUE
271485,TAFGA MAWASIM/BADAR TEA BAG 36/100CT,271485,271485,,TAFGA MAWASIM/BADAR TEA BAG 36/100CT,PAK,GROCERY,,5.361117,100,pieces,250,5,45,5,100,5,100,0,1,1,[],TRUE
273104,A-AFFCO FISH SAUCE 12/700ML,273104,273104,,A-AFFCO FISH SAUCE 12/700ML,EA,GROCERY,,4.58335,0.7,l,120,20,0,4,60,0,75,25,1,0.75,"[""fish""]",TRUE
275514,TAFGA GOODY VERMICELLI CUT 24/500G,275514,275514,,TAFGA GOODY VERMICELLI CUT 24/500G,EA,GROCERY,,4.275836,0.5,kg,371,13,75,1.5,6,2.7,100,0,1,1,"[""wheat"", ""gluten""]",TRUE
275516,A-TAFGA GOODY P/NUT BTR CRMY 12/340G,275516,275516,,A-TAFGA GOODY P/NUT BTR CRMY 12/340G,EA,GROCERY,,10.282538,0.34,kg,250,5,45,5,100,5,100,0,1,1,[],TRUE
275700,A-TFGA MEHRAN BIRIYANI POWDER 48/50G,275700,275700,,A-TFGA MEHRAN BIRIYANI POWDER 48/50G,EA,GROCERY,,3.958379,0.05,kg,250,5,45,5,100,5,100,0,1,1,[],TRUE
275962,TAFGA GOODY MAYONNAISE 12/32Z,275962,275962,,TAFGA GOODY MAYONNAISE 12/32Z,EA,GROCERY,,19.921474,0.90718474,kg,250,5,45,5,100,5,100,0,1,1,[],TRUE
276502,A-MEHRAN KAUSRI METHILEAVES 12/50G,276502,276502,,A-MEHRAN KAUSRI METHILEAVES 12/50G,EA,GROCERY,,1.667962,0.05,kg,250,5,45,5,100,5,100,0,1,1,[],TRUE
279340,A-TFGA MEHRAN TIKKA MASALA 12/50G,279340,279340,,A-TFGA MEHRAN TIKKA MASALA 12/50G,EA,GROCERY,,3.666671,0.05,kg,282,12,50,14,20,2,100,0,1,1,[],TRUE
279694,AL MARAI EXTRA VIRGIN OLIVE OIL 12/500ML,279694,279694,,AL MARAI EXTRA VIRGIN OLIVE OIL 12/500ML,EA,GROCERY,,27,0.5,l,884,0,0,100,0,0,100,0,1,1,[],TRUE
280423,A-TAFGA HB MIXED FRUITS JAM 12/400G,280423,280423,,A-TAFGA HB MIXED FRUITS JAM 12/400G,EA,GROCERY,,8.73,0.4,kg,250,5,45,5,100,5,100,0,1,1,[],TRUE
283518,TAFGA KELLOGS CORN FLAKES 8/1KG,283518,283518,,TAFGA KELLOGS CORN FLAKES 8/1KG,EA,GROCERY,,19.948629,1,kg,250,5,45,5,100,5,100,0,1,1,[],TRUE
285358,EASTERN KABSA SPICE MIX 24/200G,285358,285358,,EASTERN KABSA SPICE MIX 24/200G,EA,GROCERY,,11.63045,0.2,kg,282,12,50,14,20,2,100,0,1,1,[],TRUE
307316,TFGA ADELCO CHICK PEAS PWDR INDIA 1/15KG,307316,307316,,TFGA ADELCO CHICK PEAS PWDR INDIA 1/15KG,KG,GROCERY,,4.213724,15,kg,250,5,45,5,100,5,100,0,1,1,[],TRUE
367022,MAWASIM VINEGAR WHITE 4/3.78LTR,367022,367022,,MAWASIM VINEGAR WHITE 4/3.78LTR,EA,GROCERY,,8.75045,3.78,l,18,0,0.9,0,2,0.4,100,0,1,1,[],TRUE
367989,TAFGA TOMEX FROZEN CAULIFLOWER 4/2.5KG,367989,367989,,TAFGA TOMEX FROZEN CAULIFLOWER 4/2.5KG,EA,GROCERY,,0,2.5,kg,250,5,45,5,100,5,100,0,1,1,[],TRUE
368547,AFIA SUNFLOWER OIL 4/2.9LTR,368547,368547,,AFIA SUNFLOWER OIL 4/2.9LTR,EA,GROCERY,,32.999749,2.9,l,884,0,0,100,0,0,100,0,1,1,[],TRUE
369548,TAFGA TANG MANGO 6/2 KG,369548,369548,,TAFGA TANG MANGO 6/2 KG,EA,GROCERY,,39.09585,2,kg,250,5,45,5,100,5,100,0,1,1,[],TRUE
369549,TAFGA TANG ORANGE 6/2 KG,369549,369549,,TAFGA TANG ORANGE 6/2 KG,EA,GROCERY,,39.13155,2,kg,250,5,45,5,100,5,100,0,1,1,[],TRUE
372862,TAFGA NESCAFE RED MUG INST COFEE 6/200G,372862,372862,,TAFGA NESCAFE RED MUG INST COFEE 6/200G,EA,GROCERY,,31.955556,0.2,kg,2,0.1,0,0,2,0,100,0,1,1,[],TRUE
374218,AFIA EXTRA VIRGIN OLIVE OIL 12/1LTR,374218,374218,,AFIA EXTRA VIRGIN OLIVE OIL 12/1LTR,EA,GROCERY,,50.50035,1,l,884,0,0,100,0,0,100,0,1,1,[],TRUE
376366,ALMARAI MILK POWDER F/C 2KG+500G 6/2.5KG,376366,376366,,ALMARAI MILK POWDER F/C 2KG+500G 6/2.5KG,EA,GROCERY,,77.44,2.5,kg,61,3.2,4.8,3.3,43,5.1,100,0,1,1,"[""milk""]",TRUE
378292,A-TFG AL KABEER HASHBROWN POTATO 4/2.5KG,378292,378292,,A-TFG AL KABEER HASHBROWN POTATO 4/2.5KG,EA,GROCERY,,28.75,2.5,kg,77,2,17,0.1,6,0.8,83,17,1,0.83,[],TRUE
379941,TAJ MAHAL PUNJABI RICE 4/10KG,379941,379941,,TAJ MAHAL PUNJABI RICE 4/10KG,BAG,GROCERY,,60.41065,10,kg,365,7.1,80,0.7,5,0.1,100,0,1,1,[],TRUE
381884,A-TAFGA LIPTON TEA CATERING PACK 36/100CT,381884,381884,,A-TAFGA LIPTON TEA CATERING PACK 36/100CT,EA,GROCERY,,8.89171,100,pieces,250,5,45,5,100,5,100,0,1,1,[],TRUE
381887,A-TAFGA GOODY WHOLE PEELED TOMATO 6/#10,381887,381887,,A-TAFGA GOODY WHOLE PEELED TOMATO 6/#10,EA,GROCERY,,17.90219,,,18,0.9,3.9,0.2,5,2.6,95,5,1,0.95,[],TRUE
385486,FRESHLY YELLOW MUSTARD PASTE 12/8OZ,385486,385486,,FRESHLY YELLOW MUSTARD PASTE 12/8OZ,EA,GROCERY,,6.865116,0.22679619,kg,250,5,45,5,100,5,100,0,1,1,[],TRUE
386163,A-MELOW INDIAN YELLOW SPLIT CHICK PEAS 1/15KG,386163,386163,,A-MELOW INDIAN YELLOW SPLIT CHICK PEAS 1/15KG,KG,GROCERY,,5.560805,15,kg,250,5,45,5,100,5,100,0,1,1,[],TRUE
386761,GOODY PASTA #11 PENNE LISCE 24/500G,386761,386761,,GOODY PASTA #11 PENNE LISCE 24/500G,EA,GROCERY,,4.277181,0.5,kg,371,13,75,1.5,6,2.7,100,0,1,1,"[""wheat"", ""gluten""]",TRUE
386762,GOODY PASTA #20 SPAGHETTI 24/450,386762,386762,,GOODY PASTA #20 SPAGHETTI  24/450,EA,GROCERY,,4.313105,,,371,13,75,1.5,6,2.7,100,0,1,1,"[""wheat"", ""gluten""]",TRUE
391367,SHAMS SUNFLOWER OIL 2/9LTR,391367,391367,,SHAMS SUNFLOWER OIL 2/9LTR,EA,GROCERY,,65.00125,9,l,884,0,0,100,0,0,100,0,1,1,[],TRUE
392483,NESCAFE CLASSIC COFFEE 12/190G,392483,392483,,NESCAFE CLASSIC COFFEE 12/190G,EA,GROCERY,,25.3725,0.19,kg,2,0.1,0,0,2,0,100,0,1,1,[],TRUE
401030,EASTERN GARLIC POWDER 24/200G,401030,401030,,EASTERN GARLIC POWDER 24/200G,EA,GROCERY,,9.96835,0.2,kg,149,6.4,33.1,0.5,17,1,87,13,1,0.87,[],TRUE
401170,A- TAFGA FRESHLY SMOKED PAPRIKA 6/16Z,401170,401170,,A- TAFGA FRESHLY SMOKED PAPRIKA 6/16Z,EA,GROCERY,,39.166675,0.45359237,kg,250,5,45,5,100,5,100,0,1,1,[],TRUE
401443,LIPTON GREEN TEA MINT 12/50/1.3G,401443,401443,,LIPTON GREEN TEA MINT 12/50/1.3G,PAK,GROCERY,,16.91665,0.065,kg,250,5,45,5,100,5,100,0,1,1,[],TRUE
401444,LIPTON GREEN TEA LEMON 12/50/1.3G,401444,401444,,LIPTON GREEN TEA LEMON 12/50/1.3G,PAK,GROCERY,,16.916667,0.065,kg,29,1.1,9.3,0.3,2,2.5,60,40,1,0.6,[],TRUE
402514,A- MAKATI CHINESE NOODLES 30/200G,402514,402514,,A- MAKATI CHINESE NOODLES 30/200G,EA,GROCERY,,5.013421,0.2,kg,371,13,75,1.5,6,2.7,100,0,1,1,"[""wheat"", ""gluten""]",TRUE
403715,A-HB ORANGE JAM 12/400G,403715,403715,,A-HB ORANGE JAM 12/400G,EA,GROCERY,,0,0.4,kg,250,5,45,5,100,5,100,0,1,1,[],TRUE
404298,A-TAFGA SB OKRA ZERO 20/400G,404298,404298,,A-TAFGA SB OKRA ZERO 20/400G,EA,GROCERY,,6.4,0.4,kg,250,5,45,5,100,5,100,0,1,1,[],TRUE
404314,A-5 DIAMOND RAISIN 1/10KG,404314,404314,,A-5 DIAMOND RAISIN 1/10KG,KG,GROCERY,,17.17747,10,kg,250,5,45,5,100,5,100,0,1,1,[],TRUE
404321,A-MELLOW LENTIL BROWN WHOLE 1/15KG,404321,404321,,A-MELLOW LENTIL BROWN WHOLE 1/15KG,KG,GROCERY,,4.162565,15,kg,250,5,45,5,100,5,100,0,1,1,[],TRUE
404322,A-ADELCO COCONUT POWDR 1/7KG,404322,404322,,A-ADELCO COCONUT POWDR 1/7KG,EA,GROCERY,,93.1168,7,kg,250,5,45,5,100,5,100,0,1,1,[],TRUE
404324,A- ALBAYAT SAUDI SUGAR 1/50KG,404324,404324,,A- ALBAYAT SAUDI SUGAR 1/50KG,KG,GROCERY,,2.232922,50,kg,387,0,100,0,1,100,100,0,1,1,[],TRUE
404330,A-TOMEX GREEN PEAS 4/2.5KG,404330,404330,,A-TOMEX GREEN PEAS 4/2.5KG,EA,GROCERY,,15.92412,2.5,kg,250,5,45,5,100,5,100,0,1,1,[],TRUE
404331,A-TOMEX CUT GREEN BEAN 4/2.5KG,404331,404331,,A-TOMEX CUT GREEN BEAN 4/2.5KG,EA,GROCERY,,15.157793,2.5,kg,250,5,45,5,100,5,100,0,1,1,[],TRUE
404332,A-TOMEX VEG MIXED VEG 4/2.5KG,404332,404332,,A-TOMEX VEG MIXED VEG 4/2.5KG,EA,GROCERY,,14.383149,2.5,kg,250,5,45,5,100,5,100,0,1,1,[],TRUE
404344,A-NASEEL MUSTARD WHOLE 1/1KG,404344,404344,,A-NASEEL MUSTARD WHOLE 1/1KG,KG,GROCERY,,8,1,kg,250,5,45,5,100,5,100,0,1,1,[],TRUE
404349,A- SPIXA CASHEW NUTS 1/1KG,404349,404349,,A- SPIXA CASHEW NUTS 1/1KG,KG,GROCERY,,41.154906,1,kg,250,5,45,5,100,5,100,0,1,1,[],TRUE
404350,A- SPIXA ALMONDS 1/1KG,404350,404350,,A- SPIXA ALMONDS 1/1KG,KG,GROCERY,,36.064,1,kg,250,5,45,5,100,5,100,0,1,1,[],TRUE
404352,A- SPIXA WALNUT 1/1KG,404352,404352,,A- SPIXA WALNUT 1/1KG,KG,GROCERY,,39,1,kg,250,5,45,5,100,5,100,0,1,1,[],TRUE
404353,A- SPIXA PISTACHIO CLEAN 1/1KG,404353,404353,,A- SPIXA PISTACHIO CLEAN 1/1KG,KG,GROCERY,,89.748,1,kg,250,5,45,5,100,5,100,0,1,1,[],TRUE
404355,A- NASEEL WHITE SESAME SEEDS 1/1KG,404355,404355,,A- NASEEL WHITE SESAME SEEDS 1/1KG,KG,GROCERY,,13.8,1,kg,250,5,45,5,100,5,100,0,1,1,[],TRUE
404596,A-NASEEL LEMON SALT 1/1KG,404596,404596,,A-NASEEL LEMON SALT 1/1KG,KG,GROCERY,,19,1,kg,0,0,0,0,38758,0,100,0,1,1,[],TRUE
404682,A-AL MANAKEL PAPRIKA SWEET JAR 6/1KG,404682,404682,,A-AL MANAKEL PAPRIKA SWEET JAR  6/1KG,KG,GROCERY,,25.76,1,kg,250,5,45,5,100,5,100,0,1,1,[],TRUE
404968,NIAZ CORIANDER WHOLE (L189) 1/1KG,404968,404968,,NIAZ CORIANDER WHOLE (L189) 1/1KG,KG,GROCERY,,12.096647,1,kg,282,12,50,14,20,2,100,0,1,1,[],TRUE
405128,FC FOOD COLOUR RED 6/12/28ML,405128,405128,,FC FOOD COLOUR RED 6/12/28ML,PAK,GROCERY,,33,0.336,l,250,5,45,5,100,5,100,0,1,1,[],TRUE
429366,TFG MOONATY LEMON JUICE 12/1LTR,429366,429366,,TFG MOONATY LEMON JUICE 12/1LTR,EA,GROCERY,,4.294038,1,l,45,0.3,11,0.1,3,10,100,0,1,1,[],TRUE
430698,RASNA POWDERED DRINK MANGO 6/2KG,430698,430698,,RASNA POWDERED DRINK MANGO 6/2KG,EA,GROCERY,,26.66665,2,kg,250,5,45,5,100,5,100,0,1,1,[],TRUE
GR000041,SHAN CURRY POWDER 10/1KG,GR000041,GR000041,,SHAN CURRY POWDER 10/1KG,EA,GROCERY,,19.002413,1,kg,250,5,45,5,100,5,100,0,1,1,[],TRUE
GR000042,SHAN RED CHILLI POWDER 10/1KG,GR000042,GR000042,,SHAN RED CHILLI POWDER 10/1KG,EA,GROCERY,,19.002124,1,kg,282,12,50,14,20,2,100,0,1,1,[],TRUE
GR000043,SHAN TURMERIC POWDER 10/1KG,GR000043,GR000043,,SHAN TURMERIC POWDER  10/1KG,EA,GROCERY,,14.973308,1,kg,282,12,50,14,20,2,100,0,1,1,[],TRUE
GR000553,SHAN CORIANDER POWDER 10/1KG,GR000553,GR000553,,SHAN CORIANDER POWDER  10/1KG,KG,GROCERY,,14.5,1,kg,282,12,50,14,20,2,100,0,1,1,[],TRUE
GR000554,SHAN CUMIN WHOLE 10/1KG,GR000554,GR000554,,SHAN CUMIN WHOLE  10/1KG,KG,GROCERY,,22.251359,1,kg,282,12,50,14,20,2,100,0,1,1,[],TRUE
GR000583,SHAN CUMIN POWDER 10/1KG,GR000583,GR000583,,SHAN CUMIN POWDER 10/1KG,KG,GROCERY,,29,1,kg,282,12,50,14,20,2,100,0,1,1,[],TRUE
GR001017,SHAN BLACK PEPPER WHOLE 10/1KG,GR001017,GR001017,,SHAN BLACK PEPPER WHOLE 10/1KG,KG,GROCERY,,36,1,kg,250,5,45,5,100,5,100,0,1,1,[],TRUE
GR001018,MAA HALEEM MASALA 10/1KG,GR001018,GR001018,,MAA HALEEM MASALA 10/1KG,KG,GROCERY,,33.5,1,kg,282,12,50,14,20,2,100,0,1,1,[],TRUE
GR001426,NZMP WHOLE MILK POWDER 1/25KG,GR001426,GR001426,,NZMP WHOLE MILK POWDER 1/25KG,KG,GROCERY,,23.534685,25,kg,61,3.2,4.8,3.3,43,5.1,100,0,1,1,"[""milk""]",TRUE
GR001943,SHAN KORMA MASALA 10/1KG,GR001943,GR001943,,SHAN KORMA MASALA 10/1KG,KG,GROCERY,,45.00915,1,kg,282,12,50,14,20,2,100,0,1,1,[],TRUE
GR002099,MAA NIHARI MASALA 48/60G,GR002099,GR002099,,MAA NIHARI MASALA  48/60G,EA,GROCERY,,3.22917,0.06,kg,282,12,50,14,20,2,100,0,1,1,[],TRUE
GR002526,BLACK CARDAMON INDIA 1/1KG,GR002526,GR002526,,BLACK CARDAMON INDIA  1/1KG,KG,GROCERY,,113,1,kg,250,5,45,5,100,5,100,0,1,1,[],TRUE
GR002636,SHAN TANDOORI MASALA 1/1KG,GR002636,GR002636,,SHAN TANDOORI MASALA 1/1KG,KG,GROCERY,,33.5,1,kg,282,12,50,14,20,2,100,0,1,1,[],TRUE
GR003046,AMAL CHICK PEAS # 07 1/15KG,GR003046,GR003046,,AMAL CHICK PEAS # 07 1/15KG,KG,GROCERY,,4.294154,15,kg,250,5,45,5,100,5,100,0,1,1,[],TRUE
GR003330,AKBRI PUNJABI BASMATI RICE 4/10KG,GR003330,GR003330,,AKBRI PUNJABI BASMATI RICE 4/10KG,PAK,GROCERY,,64.74359,10,kg,365,7.1,80,0.7,5,0.1,100,0,1,1,[],TRUE
GR003477,NIAZ BLACK PEPPER WHOLE 1/1KG,GR003477,GR003477,,NIAZ BLACK PEPPER WHOLE 1/1KG,KG,GROCERY,,36,1,kg,250,5,45,5,100,5,100,0,1,1,[],TRUE
GR003481,NIAZ CINNAMON STICK 1/1KG,GR003481,GR003481,,NIAZ CINNAMON STICK 1/1KG,KG,GROCERY,,18.838455,1,kg,282,12,50,14,20,2,100,0,1,1,[],TRUE
GR003482,NIAZ CLOVE WHOLE 1/1KG,GR003482,GR003482,,NIAZ CLOVE WHOLE 1/1KG,KG,GROCERY,,47,1,kg,250,5,45,5,100,5,100,0,1,1,[],TRUE
GR003571,NIAZ CARDAMON 1/1KG,GR003571,GR003571,,NIAZ CARDAMON 1/1KG,KG,GROCERY,,147.5,1,kg,250,5,45,5,100,5,100,0,1,1,[],TRUE
GR003677,NIAZ BASMATI EXTRA LONG GRAIN XXL 1/40KG,GR003677,GR003677,,NIAZ BASMATI EXTRA LONG GRAIN XXL 1/40KG,KG,GROCERY,,6.45,40,kg,250,5,45,5,100,5,100,0,1,1,[],TRUE
GR003698,MAA CHAAT MASALA TUB 6/750G,GR003698,GR003698,,MAA CHAAT MASALA TUB 6/750G,EA,GROCERY,,22.5,0.75,kg,282,12,50,14,20,2,100,0,1,1,[],TRUE
GR003726,Falcon Indian Long Grain Parboiled Rice 1/40 KG,GR003726,GR003726,,Falcon Indian Long Grain Parboiled Rice 1/40 KG,KG,GROCERY,,3.144444,40,kg,365,7.1,80,0.7,5,0.1,100,0,1,1,[],TRUE
134212,MUTTON CARCAS AUST U-16 1/1KG,134212,134212,,MUTTON CARCAS AUST U-16 1/1KG,KG,MEAT,,29.5,1,kg,294,25,0,21,72,0,70,30,1,0.7,[],TRUE
134213,MUTTON CARCASS UNDER 20 1/1KG,134213,134213,,MUTTON CARCASS UNDER 20 1/1KG,KG,MEAT,,27.6117,1,kg,294,25,0,21,72,0,70,30,1,0.7,[],TRUE
141396,BEEF INDIAN B/LES FOREQUARTER FROZEN 1KG,141396,141396,,BEEF INDIAN B/LES FOREQUARTER FROZEN 1KG,KG,MEAT,,21.068218,,,250,26,0,15,72,0,70,30,1,0.7,[],TRUE
307970,AL KABEER BEEF BURGER ONN BIG 8/1200G,307970,307970,,AL KABEER BEEF BURGER ONN BIG 8/1200G,EA,MEAT,,25,1.2,kg,250,14,5,19,850,1,100,0,1,1,"[""wheat"", ""soy""]",TRUE
MT000237,FROZ BEEF FEET 1/1KG(NATURA FRIG),MT000237,MT000237,,FROZ BEEF FEET 1/1KG(NATURA FRIG),KG,MEAT,,8.408785,1,kg,250,26,0,15,72,0,70,30,1,0.7,[],TRUE
115918,A-TFG DAIM/ORINEX CUTRIT WAX PPR 24/75SQFT,115918,115918,,A-TFG DAIM/ORINEX CUTRIT WAX PPR 24/75SQFT,EA,OPERSUPPLY,,5.883342,,,0,0,0,0,0,0,100,0,1,1,[],TRUE
116248,TAFGA GULF PLASTIC TRAY #3 20/50CT,116248,116248,,TAFGA GULF PLASTIC TRAY #3 20/50CT,PAK,OPERSUPPLY,,6.480833,50,pieces,0,0,0,0,0,0,100,0,1,1,[],TRUE
116281,PLASCO ROUND PLATE #22 10/50CT,116281,116281,,PLASCO ROUND PLATE #22 10/50CT,PAK,OPERSUPPLY,,8.5,50,pieces,0,0,0,0,0,0,100,0,1,1,[],TRUE
132767,KITCHEN CLOTH TOWEL 1/12CT,132767,132767,,KITCHEN CLOTH TOWEL 1/12CT,EA,OPERSUPPLY,,1.073821,12,pieces,0,0,0,0,0,0,100,0,1,1,[],TRUE
132774,MOP HEAD 24Z 1/EA,132774,132774,,MOP HEAD 24Z 1/EA,EA,OPERSUPPLY,,9.8,,,0,0,0,0,0,0,100,0,1,1,[],TRUE
132777,MOP HANDLE (METAL) 1/EA,132777,132777,,MOP HANDLE (METAL) 1/EA,EA,OPERSUPPLY,,13.59077,,,0,0,0,0,0,0,100,0,1,1,[],TRUE
132779,NIBCO HAND BRUSH (SOFT) 1/EA,132779,132779,,NIBCO HAND BRUSH (SOFT) 1/EA,EA,OPERSUPPLY,,4.900533,,,0,0,0,0,0,0,100,0,1,1,[],TRUE
132784,HARD BROOM W/STICK(18IN) 1/EA,132784,132784,,HARD BROOM W/STICK(18IN) 1/EA,EA,OPERSUPPLY,,8.924425,,,0,0,0,0,0,0,100,0,1,1,[],TRUE
132785,"HERO BLACK SOFTBROOM W/STK 16"" 1/EA",132785,132785,,"HERO BLACK SOFTBROOM W/STK 16"" 1/EA",EA,OPERSUPPLY,,11.76045,,,0,0,0,0,0,0,100,0,1,1,[],TRUE
132791,GLOVE DISP 100/100CT,132791,132791,,GLOVE DISP 100/100CT,PAK,OPERSUPPLY,,1.506823,100,pieces,0,0,0,0,0,0,100,0,1,1,[],TRUE
132795,RUBBER WIPER 45CM 1/EA,132795,132795,,RUBBER WIPER 45CM 1/EA,EA,OPERSUPPLY,,9.800075,,,0,0,0,0,0,0,100,0,1,1,[],TRUE
132915,TAFGA RUBBER WIPER 75CM 1/EA,132915,132915,,TAFGA RUBBER WIPER 75CM 1/EA,EA,OPERSUPPLY,,16.66,,,0,0,0,0,0,0,100,0,1,1,[],TRUE
133204,TAFGA HYNAP NAPKIN 40/250CT,133204,133204,,TAFGA HYNAP NAPKIN 40/250CT,PAK,OPERSUPPLY,,3.624637,250,pieces,0,0,0,0,0,0,100,0,1,1,[],TRUE
133229,AFFCO ROUND TOOTHPICK 12/150'S,133229,133229,,AFFCO ROUND TOOTHPICK 12/150'S,EA,OPERSUPPLY,,0.416696,,,0,0,0,0,0,0,100,0,1,1,[],TRUE
133283,TFGA TRASH BAG BLUE 10-GAL(3KG) 17/30CT,133283,133283,,TFGA TRASH BAG BLUE 10-GAL(3KG) 17/30CT,PAK,OPERSUPPLY,,1.388235,30,pieces,0,0,0,0,0,0,100,0,1,1,[],TRUE
133442,WRAPPED TOOTHPICK 1/1000'S,133442,133442,,WRAPPED TOOTHPICK 1/1000'S,CS,OPERSUPPLY,,4.7267,,,0,0,0,0,0,0,100,0,1,1,[],TRUE
139876,CAKE BOXES 30/30/12CM /EA,139876,139876,,CAKE BOXES 30/30/12CM  /EA,EA,OPERSUPPLY,,0.800031,,,0,0,0,0,0,0,100,0,1,1,[],TRUE
140060,TAFGA FOAM LUNCH BOX LB3L 1/100'S,140060,140060,,TAFGA FOAM LUNCH BOX LB3L 1/100'S,CS,OPERSUPPLY,,24.193533,,,0,0,0,0,0,0,100,0,1,1,[],TRUE
140074,ALUMINUM 3 COMP #800/45 1/600CT,140074,140074,,ALUMINUM 3 COMP #800/45  1/600CT,EA,OPERSUPPLY,,0.33852,600,pieces,0,0,0,0,0,0,100,0,1,1,[],TRUE
140104,INDUSTRIAL WHITE P/TOWEL 80MTR 12/1ROL,140104,140104,,INDUSTRIAL WHITE P/TOWEL 80MTR 12/1ROL,EA,OPERSUPPLY,,3.079985,,,0,0,0,0,0,0,100,0,1,1,[],TRUE
159935,SANDWICH PAPER 20/500CT,159935,159935,,SANDWICH PAPER 20/500CT,PAK,OPERSUPPLY,,5.278153,500,pieces,0,0,0,0,0,0,100,0,1,1,[],TRUE
164553,TFGA BAMBOO SKEWER 25CM ROSE 1/100CT,164553,164553,,TFGA BAMBOO SKEWER 25CM ROSE 1/100CT,CS,OPERSUPPLY,,1.784531,100,pieces,0,0,0,0,0,0,100,0,1,1,[],TRUE
165042,KRAFT PAPER BAG #10 1/10KG,165042,165042,,KRAFT PAPER BAG #10 1/10KG,KG,OPERSUPPLY,,7.863355,10,kg,0,0,0,0,0,0,100,0,1,1,[],TRUE
165119,GENPACK CONE WATER CUP-US 25/200CT,165119,165119,,GENPACK CONE WATER CUP-US 25/200CT,PAK,OPERSUPPLY,,6.8272,200,pieces,0,0,0,0,0,0,100,0,1,1,[],TRUE
165121,STEEL WOOL HEAVY DUTY 1/48CT,165121,165121,,STEEL WOOL HEAVY DUTY 1/48CT,EA,OPERSUPPLY,,1.333334,48,pieces,0,0,0,0,0,0,100,0,1,1,[],TRUE
169798,TAFGA RUBBER HAND GLOVES 10-10.5 12/EA,169798,169798,,TAFGA RUBBER HAND GLOVES 10-10.5 12/EA,EA,OPERSUPPLY,,2.08485,,,0,0,0,0,0,0,100,0,1,1,[],TRUE
172309,AL HASA TRASH BAG #50 GAL 1/3KG,172309,172309,,AL HASA TRASH BAG #50 GAL 1/3KG,KG,OPERSUPPLY,,43.62202,3,kg,0,0,0,0,0,0,100,0,1,1,[],TRUE
177650,TFG MAXI ROLL 300MTR 6/1ROLL,177650,177650,,TFG MAXI ROLL 300MTR 6/1ROLL,EA,OPERSUPPLY,,5.635049,,,0,0,0,0,0,0,100,0,1,1,[],TRUE
179369,TAFGA CHARCOAL LIGHTER FUEL 12/16Z,179369,179369,,TAFGA CHARCOAL LIGHTER FUEL 12/16Z,EA,OPERSUPPLY,,11.953183,0.45359237,kg,0,0,0,0,0,0,100,0,1,1,[],TRUE
185024,NURSE'S CAP 10/100CT,185024,185024,,NURSE'S CAP 10/100CT,EA,OPERSUPPLY,,3.936849,100,pieces,0,0,0,0,0,0,100,0,1,1,[],TRUE
185025,APRON DISP 10/100 CT,185025,185025,,APRON DISP 10/100 CT,PAK,OPERSUPPLY,,4.916249,100,pieces,0,0,0,0,0,0,100,0,1,1,[],TRUE
185784,TAFGA GULF PLASTIC SPOONS 20/50PCS,185784,185784,,TAFGA GULF PLASTIC SPOONS 20/50PCS,PAK,OPERSUPPLY,,1.679051,,,0,0,0,0,0,0,100,0,1,1,[],TRUE
187421,TAFGA OVEN CLEANER 12/300ML,187421,187421,,TAFGA OVEN CLEANER 12/300ML,EA,OPERSUPPLY,,18.333333,0.3,l,0,0,0,0,0,0,100,0,1,1,[],TRUE
188273,TAFGA SCOURING PAD MAOG 40/9CT,188273,188273,,TAFGA SCOURING PAD MAOG 40/9CT,PAK,OPERSUPPLY,,7.10215,9,pieces,0,0,0,0,0,0,100,0,1,1,[],TRUE
191976,TAFGA ALUMINUM FOIL 6X45X.014MICX100MTR,191976,191976,,TAFGA ALUMINUM FOIL 6X45X.014MICX100MTR,EA,OPERSUPPLY,,26.89628,,,884,0,0,100,0,0,100,0,1,1,[],TRUE
192337,MOP HEAD RED COLOR 16Z 1/EA,192337,192337,,MOP HEAD RED COLOR 16Z 1/EA,EA,OPERSUPPLY,,9.802867,,,0,0,0,0,0,0,100,0,1,1,[],TRUE
192338,MOP HEAD BLUE COLOR 16Z 1/EA,192338,192338,,MOP HEAD BLUE COLOR 16Z 1/EA,EA,OPERSUPPLY,,9.800029,,,0,0,0,0,0,0,100,0,1,1,[],TRUE
204787,TAFGA DUST PAN WITH BRUSH 1/EA,204787,204787,,TAFGA DUST PAN WITH BRUSH 1/EA,EA,OPERSUPPLY,,4.9,,,0,0,0,0,0,0,100,0,1,1,[],TRUE
235499,AR # KLEENEX TT 500 SHTS-ARAMCO 8/12ROLL,235499,235499,,AR # KLEENEX TT 500 SHTS-ARAMCO 8/12ROLL,PAK,OPERSUPPLY,,22.00007,,,0,0,0,0,0,0,100,0,1,1,[],TRUE
235591,TOILET BRUSH WITH STAND 1/EA,235591,235591,,TOILET BRUSH WITH STAND 1/EA,EA,OPERSUPPLY,,4.66,,,884,0,0,100,0,0,100,0,1,1,[],TRUE
237694,TAFGA DUST PAN W/BRUSH LONG HNDL 1/EA,237694,237694,,TAFGA DUST PAN W/BRUSH LONG HNDL 1/EA,EA,OPERSUPPLY,,9.8,,,0,0,0,0,0,0,100,0,1,1,[],TRUE
238216,FACE MASK EAR LOOP 3PLY GREN/BLUE 1/50CT,238216,238216,,FACE MASK EAR LOOP 3PLY GREN/BLUE 1/50CT,PAK,OPERSUPPLY,,2.898557,50,pieces,0,0,0,0,0,0,100,0,1,1,[],TRUE
240013,TAFGA PLEDGE F/POLISH NATURAL 12/300ML,240013,240013,,TAFGA PLEDGE F/POLISH NATURAL 12/300ML,EA,OPERSUPPLY,,9.583335,0.3,l,0,0,0,0,0,0,100,0,1,1,[],TRUE
242108,KLEENEX FT COMFORT TOUCH 36/70 -100CT,242108,242108,,KLEENEX FT COMFORT TOUCH 36/70 -100CT,PAK,OPERSUPPLY,,2.166968,70,pieces,0,0,0,0,0,0,100,0,1,1,[],TRUE
248759,ORINX/JAMA VINYL GLV PWD FRE LR 10/100CT,248759,248759,,ORINX/JAMA VINYL GLV PWD FRE LR 10/100CT,PAK,OPERSUPPLY,,5.655728,100,pieces,0,0,0,0,0,0,100,0,1,1,[],TRUE
263304,TAFGA AL SHARQIA CHARCOAL 1/4KG,263304,263304,,TAFGA AL SHARQIA CHARCOAL 1/4KG,CS,OPERSUPPLY,,20.012774,4,kg,0,0,0,0,0,0,100,0,1,1,[],TRUE
279433,TAFGA SUFRA MEDIUM 10/30CT,279433,279433,,TAFGA SUFRA MEDIUM 10/30CT,PAK,OPERSUPPLY,,2.810585,30,pieces,0,0,0,0,0,0,100,0,1,1,[],TRUE
280902,TAFGA CHAFFING FUEL ADJUST/WICK 1/24EA,280902,280902,,TAFGA CHAFFING FUEL ADJUST/WICK 1/24EA,EA,OPERSUPPLY,,2.666667,,,0,0,0,0,0,0,100,0,1,1,[],TRUE
284926,TAFGA FABRIC SOFTNER 8/2LT,284926,284926,,TAFGA FABRIC SOFTNER 8/2LT,EA,OPERSUPPLY,,10.255291,2,l,0,0,0,0,0,0,100,0,1,1,[],TRUE
315827,ALUMINUM FOIL CONT. #1135.400/CT,315827,315827,,ALUMINUM FOIL CONT. #1135.400/CT,EA,OPERSUPPLY,,0.35,,,884,0,0,100,0,0,100,0,1,1,[],TRUE
360324,TAFGA VVIP CUTLRY 8PC CLEAR 1/400CT,360324,360324,,TAFGA VVIP CUTLRY  8PC CLEAR 1/400CT,EA,OPERSUPPLY,,0.500365,400,pieces,0,0,0,0,0,0,100,0,1,1,[],TRUE
388586,ALUMINUM 3 COMP LID 800/45 1/500CT,388586,388586,,ALUMINUM 3 COMP LID 800/45 1/500CT,EA,OPERSUPPLY,,0.002,500,pieces,0,0,0,0,0,0,100,0,1,1,[],TRUE
391639,AR # KLEENEX UCTAD ROL TWEL #6272 1/6CT,391639,391639,,AR # KLEENEX UCTAD ROL TWEL #6272 1/6CT,EA,OPERSUPPLY,,21.183249,6,pieces,0,0,0,0,0,0,100,0,1,1,[],TRUE
395605,TEA SPOON SMALL 1/1000CT,395605,395605,,TEA SPOON SMALL 1/1000CT,EA,OPERSUPPLY,,0.03,1000,pieces,0,0,0,0,0,0,100,0,1,1,[],TRUE
395608,A-TAFGA LOGO SHOPPING BAG BIODEGRADEABLE MED 1/20KG,395608,395608,,A-TAFGA LOGO SHOPPING BAG BIODEGRADEABLE MED 1/20KG,KG,OPERSUPPLY,,6.8,20,kg,0,0,0,0,0,0,100,0,1,1,[],TRUE
400188,TAFGA DOUBLE WALL CUP GOLDEN 9Z 1/500CT,400188,400188,,TAFGA DOUBLE WALL CUP GOLDEN 9Z  1/500CT,EA,OPERSUPPLY,,0.206,500,pieces,0,0,0,0,0,0,100,0,1,1,[],TRUE
400731,KOOZ HOT CUPS W/ HANDLE GOLD 1/1000CT,400731,400731,,KOOZ HOT CUPS W/ HANDLE GOLD 1/1000CT,EA,OPERSUPPLY,,0.085229,1000,pieces,0,0,0,0,0,0,100,0,1,1,[],TRUE
422720,TAFGA JASEER CLING FILM 45CM 6KG 6/1600M,422720,422720,,TAFGA JASEER CLING FILM 45CM 6KG 6/1600M,EA,OPERSUPPLY,,38.542072,,,0,0,0,0,0,0,100,0,1,1,[],TRUE
OP000050,PLASTIC FORK 20/50CT(CATER PACK),OP000050,OP000050,,PLASTIC FORK 20/50CT(CATER PACK),PAK,OPERSUPPLY,,1.35,50,pieces,0,0,0,0,0,0,100,0,1,1,[],TRUE
OP000380,SANDWICH BAG # 6 1/10KG,OP000380,OP000380,,SANDWICH BAG # 6 1/10KG,KG,OPERSUPPLY,,3.75,10,kg,0,0,0,0,0,0,100,0,1,1,[],TRUE
OP001697,REGULAR CUTLRY SET 1/200CT,OP001697,OP001697,,REGULAR CUTLRY SET 1/200CT,EA,OPERSUPPLY,,0.72,200,pieces,0,0,0,0,0,0,100,0,1,1,[],TRUE
OP001718,MICROWAVE CONTAINER W/LID BLACK 500ML 1/250CT,OP001718,OP001718,,MICROWAVE CONTAINER W/LID BLACK 500ML 1/250CT,EA,OPERSUPPLY,,0.4,250,pieces,0,0,0,0,0,0,100,0,1,1,[],TRUE
OP001719,ALUMINIUM CONTAINER ROUND 1/600CT,OP001719,OP001719,,ALUMINIUM CONTAINER ROUND 1/600CT,EA,OPERSUPPLY,,0.241667,600,pieces,0,0,0,0,0,0,100,0,1,1,[],TRUE
OP001728,MICROWAVE CONTAINER RECTANGLE BLACK W/LID 1/150CT,OP001728,OP001728,,MICROWAVE CONTAINER RECTANGLE BLACK W/LID 1/150CT,EA,OPERSUPPLY,,0.873333,150,pieces,0,0,0,0,0,0,100,0,1,1,[],TRUE
OP001733,"DOILIES PAPER RECTANGLR 17.5X12.5""/470X317MM 30/35CT",OP001733,OP001733,,"DOILIES PAPER RECTANGLR 17.5X12.5""/470X317MM 30/35CT",PAK,OPERSUPPLY,,5.179171,35,pieces,884,0,0,100,0,0,100,0,1,1,[],TRUE
OP001877,SHOPPING BAG MEDIUM 1/20KG,OP001877,OP001877,,SHOPPING BAG MEDIUM 1/20KG,KG,OPERSUPPLY,,7.000052,20,kg,0,0,0,0,0,0,100,0,1,1,[],TRUE
OP002597,BLOOD BANK MEAL BOX 12X22X8CM 1/1EA,OP002597,OP002597,,BLOOD BANK MEAL BOX 12X22X8CM 1/1EA,EA,OPERSUPPLY,,0.65,,,0,0,0,0,0,0,100,0,1,1,[],TRUE
OP002722,TRASH BAG BLUE 10 GAL 1/3KG,OP002722,OP002722,,TRASH BAG BLUE 10 GAL 1/3KG,EA,OPERSUPPLY,,17,3,kg,0,0,0,0,0,0,100,0,1,1,[],TRUE
OP002898,FOIL WARP HUMBURGER 1/2000CT,OP002898,OP002898,,FOIL WARP HUMBURGER 1/2000CT,EA,OPERSUPPLY,,0.092,2000,pieces,250,14,5,19,850,1,100,0,1,1,"[""wheat"", ""soy""]",TRUE
OP002971,AL HASA TRASH BAG 50 GAL 3KG 1/7PAK,OP002971,OP002971,,AL HASA TRASH BAG 50 GAL 3KG 1/7PAK,PAK,OPERSUPPLY,,12.000001,,,0,0,0,0,0,0,100,0,1,1,[],TRUE
OP003035,PLASTIC CONTENER WHITE 250 1/1000CT,OP003035,OP003035,,PLASTIC CONTENER WHITE 250 1/1000CT,EA,OPERSUPPLY,,0.118,1000,pieces,0,0,0,0,0,0,100,0,1,1,[],TRUE
OP003260,JASCO BRAND PLASTIC CONTAINER W/LID 250G 1/1000CT,OP003260,OP003260,,JASCO BRAND PLASTIC CONTAINER W/LID 250G 1/1000CT,EA,OPERSUPPLY,,0.069999,1000,pieces,0,0,0,0,0,0,100,0,1,1,[],TRUE
OP003629,JASCO BRAND PLASTIC CONTAINER 450G 1/1000CT,OP003629,OP003629,,JASCO BRAND PLASTIC CONTAINER 450G 1/1000CT,EA,OPERSUPPLY,,0.1,1000,pieces,0,0,0,0,0,0,100,0,1,1,[],TRUE
OP003631,ALUMINIUM CONTAINERS 2 COMPARTMENT 1/500CT,OP003631,OP003631,,ALUMINIUM CONTAINERS 2 COMPARTMENT 1/500CT,EA,OPERSUPPLY,,0.46,500,pieces,0,0,0,0,0,0,100,0,1,1,[],TRUE
OP003635,MICROWAVEABLE CONTAINERS ROUND 450ML BLACK 1/500CT,OP003635,OP003635,,MICROWAVEABLE CONTAINERS ROUND 450ML BLACK 1/500CT,EA,OPERSUPPLY,,0.134,500,pieces,0,0,0,0,0,0,100,0,1,1,[],TRUE
132996,AFFCO LUNCHEON CHICKEN MEAT 24/200G,132996,132996,,AFFCO LUNCHEON CHICKEN MEAT 24/200G,EA,POULTRY,,5.088413,0.2,kg,120,21.5,0,3.1,70,0,75,25,1,0.75,[],TRUE
134696,DOUX CHICKEN FROZEN 10/900G,134696,134696,,DOUX CHICKEN FROZEN 10/900G,EA,POULTRY,,0,0.9,kg,120,21.5,0,3.1,70,0,75,25,1,0.75,[],TRUE
142110,SAEDCO FRESH EGGS MEDIUM 12/30 CT,142110,142110,,SAEDCO FRESH EGGS MEDIUM 12/30 CT,PAK,POULTRY,,12.989999,30,pieces,143,12.6,0.7,9.5,142,0.4,100,0,1,1,"[""egg""]",TRUE
179446,TAFGA CHICKEN WINGS 1/5KG,179446,179446,,TAFGA CHICKEN WINGS 1/5KG,KG,POULTRY,,6.5,5,kg,120,21.5,0,3.1,70,0,75,25,1,0.75,[],TRUE
180259,TFG AMERICANA LOCAL CHICKEN BREAST1/10KG,180259,180259,,TFG AMERICANA LOCAL CHICKEN BREAST1/10KG,KG,POULTRY,,17.238869,10,kg,120,21.5,0,3.1,70,0,75,25,1,0.75,[],TRUE
182833,A-TAFGA AMERICANA CHICKEN FRANK 24/340G,182833,182833,,A-TAFGA AMERICANA  CHICKEN FRANK 24/340G,EA,POULTRY,,2.494907,0.34,kg,120,21.5,0,3.1,70,0,75,25,1,0.75,[],TRUE
189015,TAFGA LOCAL TANMIAH CHICKEN 10/900G,189015,189015,,TAFGA LOCAL TANMIAH CHICKEN 10/900G,EA,POULTRY,,11.838,0.9,kg,120,21.5,0,3.1,70,0,75,25,1,0.75,[],TRUE
205101,TANMIAH FRESH CHICKEN 1/900G,205101,205101,,TANMIAH FRESH CHICKEN 1/900G,EA,POULTRY,,14,0.9,kg,120,21.5,0,3.1,70,0,75,25,1,0.75,[],TRUE
307852,AL KABEER CHICKEN BURGER BIG 8/1200G,307852,307852,,AL KABEER CHICKEN BURGER BIG 8/1200G,EA,POULTRY,,28.75,1.2,kg,120,21.5,0,3.1,70,0,75,25,1,0.75,[],TRUE
357255,ADDOHA FRESH CHICKEN WHOLE IN BAG 1/900G,357255,357255,,ADDOHA FRESH CHICKEN WHOLE IN BAG 1/900G,EA,POULTRY,,13.4,0.9,kg,120,21.5,0,3.1,70,0,75,25,1,0.75,[],TRUE
398635,ZAMIL CHICKEN FRANKS 24/340G,398635,398635,,ZAMIL CHICKEN FRANKS  24/340G,EA,POULTRY,,0,0.34,kg,120,21.5,0,3.1,70,0,75,25,1,0.75,[],TRUE
PR000002,CABBAGE (LOCAL),PR000002,PR000002,,CABBAGE (LOCAL),KG,PRODUCE,,2.5,,,25,1.3,5.8,0.1,18,3.2,90,10,1,0.9,[],TRUE
PR000005,TOMATO (ADY),PR000005,PR000005,,TOMATO (ADY),KG,PRODUCE,,3,,,18,0.9,3.9,0.2,5,2.6,95,5,1,0.95,[],TRUE
PR000009,GREEN PEPPER (LBN),PR000009,PR000009,,GREEN PEPPER (LBN),KG,PRODUCE,,5,,,20,0.9,4.6,0.2,3,2.4,82,18,1,0.82,[],TRUE
PR000010,CUCUMBER (ADY),PR000010,PR000010,,CUCUMBER (ADY),KG,PRODUCE,,3,,,15,0.7,3.6,0.1,2,1.7,95,5,1,0.95,[],TRUE
PR000012,EGGPANT (BIG),PR000012,PR000012,,EGGPANT (BIG),KG,PRODUCE,,2.5,,,143,12.6,0.7,9.5,142,0.4,100,0,1,1,"[""egg""]",TRUE
PR000014,MARROW (BIG),PR000014,PR000014,,MARROW (BIG),KG,PRODUCE,,3,,,17,1.2,3.1,0.3,8,2.5,95,5,1,0.95,[],TRUE
PR000016,GREEN CHILLI (INDIAN),PR000016,PR000016,,GREEN CHILLI (INDIAN),KG,PRODUCE,,8,,,282,12,50,14,20,2,100,0,1,1,[],TRUE
PR000018,GARLIC (CHINA),PR000018,PR000018,,GARLIC  (CHINA),KG,PRODUCE,,6,,,149,6.4,33.1,0.5,17,1,87,13,1,0.87,[],TRUE
PR000019,GINGER (CHINA),PR000019,PR000019,,GINGER (CHINA),KG,PRODUCE,,6,,,80,1.8,17.8,0.8,13,1.7,85,15,1,0.85,[],TRUE
PR000020,DRY ONION (LOCAL),PR000020,PR000020,,DRY ONION (LOCAL),KG,PRODUCE,,4,,,40,1.1,9.3,0.1,4,4.2,89,11,1,0.89,[],TRUE
PR000022,POTATO (LOCAL),PR000022,PR000022,,POTATO (LOCAL),KG,PRODUCE,,2.5,,,77,2,17,0.1,6,0.8,83,17,1,0.83,[],TRUE
PR000024,YELLOW PUMPKUIN,PR000024,PR000024,,YELLOW PUMPKUIN,KG,PRODUCE,,3,,,35,1.5,7,0.2,15,3,85,15,1,0.85,[],TRUE
PR000026,CARROT (AUSTALIA/CHINA),PR000026,PR000026,,CARROT (AUSTALIA/CHINA),KG,PRODUCE,,6,,,41,0.9,9.6,0.2,69,4.7,89,11,1,0.89,[],TRUE
PR000027,LONG MARROW,PR000027,PR000027,,LONG MARROW,KG,PRODUCE,,3,,,17,1.2,3.1,0.3,8,2.5,95,5,1,0.95,[],TRUE
PR000030,BITTERGOURD (LOCAL),PR000030,PR000030,,BITTERGOURD (LOCAL),KG,PRODUCE,,7,,,35,1.5,7,0.2,15,3,85,15,1,0.85,[],TRUE
PR000031,GREEN BEANS,PR000031,PR000031,,GREEN BEANS,KG,PRODUCE,,8,,,35,1.5,7,0.2,15,3,85,15,1,0.85,[],TRUE
PR000032,CAULIFLOWER (LOCAL),PR000032,PR000032,,CAULIFLOWER (LOCAL),KG,PRODUCE,,3,,,35,1.5,7,0.2,15,3,85,15,1,0.85,[],TRUE
PR000041,PAPPAYA,PR000041,PR000041,,PAPPAYA,KG,PRODUCE,,8,,,35,1.5,7,0.2,15,3,85,15,1,0.85,[],TRUE
PR000045,LETTUCE (LOCAL),PR000045,PR000045,,LETTUCE (LOCAL),KG,PRODUCE,,3,,,15,1.4,2.9,0.2,28,0.8,74,26,1,0.74,[],TRUE
PR000048,OKRA (LOCAL),PR000048,PR000048,,OKRA (LOCAL),KG,PRODUCE,,8,,,35,1.5,7,0.2,15,3,85,15,1,0.85,[],TRUE
PR000049,ONION (WHITE),PR000049,PR000049,,ONION (WHITE),KG,PRODUCE,,2.5,,,40,1.1,9.3,0.1,4,4.2,89,11,1,0.89,[],TRUE
PR000058,PARSELY (BDL),PR000058,PR000058,,PARSELY (BDL),BDL,PRODUCE,,1.5,0.08,kg,35,1.5,7,0.2,15,3,85,15,1,0.85,[],TRUE
PR000059,GERGER (BDL),PR000059,PR000059,,GERGER (BDL),BDL,PRODUCE,,1.5,0.08,kg,35,1.5,7,0.2,15,3,85,15,1,0.85,[],TRUE
PR000060,MINT (BDL),PR000060,PR000060,,MINT (BDL),BDL,PRODUCE,,1.5,0.08,kg,35,1.5,7,0.2,15,3,85,15,1,0.85,[],TRUE
PR000061,SPINACH (BDL),PR000061,PR000061,,SPINACH (BDL),BDL,PRODUCE,,1.5,0.08,kg,35,1.5,7,0.2,15,3,85,15,1,0.85,[],TRUE
PR000062,CORIANDER LEAVES (BDL),PR000062,PR000062,,CORIANDER LEAVES (BDL),BDL,PRODUCE,,1.5,0.08,kg,282,12,50,14,20,2,100,0,1,1,[],TRUE
PR000065,GREEN ONION (BDL),PR000065,PR000065,,GREEN ONION (BDL),BDL,PRODUCE,,0,0.08,kg,40,1.1,9.3,0.1,4,4.2,89,11,1,0.89,[],TRUE
PR000070,APPLE (GREEN),PR000070,PR000070,,APPLE (GREEN),KG,PRODUCE,,0,,,35,1.5,7,0.2,15,3,85,15,1,0.85,[],TRUE
PR000072,APPLE (GALA) (USA/ITALY),PR000072,PR000072,,APPLE (GALA) (USA/ITALY),KG,PRODUCE,,7,,,35,1.5,7,0.2,15,3,85,15,1,0.85,[],TRUE
PR000074,BANANA (ADY),PR000074,PR000074,,BANANA (ADY),KG,PRODUCE,,5,,,35,1.5,7,0.2,15,3,85,15,1,0.85,[],TRUE
PR000076,MANGO,PR000076,PR000076,,MANGO,KG,PRODUCE,,10,,,35,1.5,7,0.2,15,3,85,15,1,0.85,[],TRUE
PR000077,PEACHES,PR000077,PR000077,,PEACHES,KG,PRODUCE,,10,,,35,1.5,7,0.2,15,3,85,15,1,0.85,[],TRUE
PR000078,KIWI FRUIT,PR000078,PR000078,,KIWI FRUIT,KG,PRODUCE,,12,,,35,1.5,7,0.2,15,3,85,15,1,0.85,[],TRUE
PR000081,GRAPES BLACK (AFRICAN),PR000081,PR000081,,GRAPES BLACK (AFRICAN),KG,PRODUCE,,12,,,35,1.5,7,0.2,15,3,85,15,1,0.85,[],TRUE
PR000083,RED PLUMS,PR000083,PR000083,,RED PLUMS,KG,PRODUCE,,10,,,35,1.5,7,0.2,15,3,85,15,1,0.85,[],TRUE
PR000084,WATERMELONS,PR000084,PR000084,,WATERMELONS,KG,PRODUCE,,2.5,,,0,0,0,0,0,0,100,0,1,1,[],TRUE
PR000085,SWEETMELONS,PR000085,PR000085,,SWEETMELONS,KG,PRODUCE,,3,,,35,1.5,7,0.2,15,3,85,15,1,0.85,[],TRUE
PR000090,LEMON (AFRICAN/TURKEY),PR000090,PR000090,,LEMON (AFRICAN/TURKEY),KG,PRODUCE,,6,,,29,1.1,9.3,0.3,2,2.5,60,40,1,0.6,[],TRUE
PR000092,ORANGE (AFRICAN/EGYPT) NAVEL (CLASS A),PR000092,PR000092,,ORANGE (AFRICAN/EGYPT) NAVEL (CLASS A),KG,PRODUCE,,4,,,35,1.5,7,0.2,15,3,85,15,1,0.85,[],TRUE
PR000093,MANDRINE MOROCCO,PR000093,PR000093,,MANDRINE MOROCCO,KG,PRODUCE,,7,,,35,1.5,7,0.2,15,3,85,15,1,0.85,[],TRUE
PR000095,STRAWBERRIES (USA),PR000095,PR000095,,STRAWBERRIES (USA),KG,PRODUCE,,0,,,35,1.5,7,0.2,15,3,85,15,1,0.85,[],TRUE
PR000097,GUAVA,PR000097,PR000097,,GUAVA,KG,PRODUCE,,8,,,35,1.5,7,0.2,15,3,85,15,1,0.85,[],TRUE
PR000099,POMEGRANATE,PR000099,PR000099,,POMEGRANATE,KG,PRODUCE,,10,,,35,1.5,7,0.2,15,3,85,15,1,0.85,[],TRUE
PR000105,RED PEPPER,PR000105,PR000105,,RED PEPPER,KG,PRODUCE,,15,,,35,1.5,7,0.2,15,3,85,15,1,0.85,[],TRUE
PR000106,YELLOW PEPPER,PR000106,PR000106,,YELLOW PEPPER,KG,PRODUCE,,15,,,35,1.5,7,0.2,15,3,85,15,1,0.85,[],TRUE
PR000107,GRAPES WHITE (AFRICAN),PR000107,PR000107,,GRAPES WHITE (AFRICAN),KG,PRODUCE,,12,,,35,1.5,7,0.2,15,3,85,15,1,0.85,[],TRUE
PR000113,DRISCOLL'S BLUE BERRY 1/170G,PR000113,PR000113,,DRISCOLL'S BLUE BERRY 1/170G,EA,PRODUCE,,0,0.17,kg,35,1.5,7,0.2,15,3,85,15,1,0.85,[],TRUE
PR000114,DRISCOLL'S RAS BERRY 1/170G,PR000114,PR000114,,DRISCOLL'S RAS BERRY 1/170G,EA,PRODUCE,,0,0.17,kg,35,1.5,7,0.2,15,3,85,15,1,0.85,[],TRUE
134884,TAFGA INDIAN MACKEREL FISH ORIGINAL 1/KG,134884,134884,,TAFGA INDIAN MACKEREL FISH ORIGINAL 1/KG,KG,SEAFOOD,,6.50026,,,120,20,0,4,60,0,75,25,1,0.75,"[""fish""]",TRUE
144669,TAFGA WHITE / HAMOUR FISH FILLET 1/1KG,144669,144669,,TAFGA WHITE / HAMOUR FISH FILLET  1/1KG,KG,SEAFOOD,,10.450217,1,kg,120,20,0,4,60,0,75,25,1,0.75,"[""fish""]",TRUE
163290,FISH MILK FISH 500/800 /KG,163290,163290,,FISH MILK FISH 500/800 /KG,KG,SEAFOOD,,15.410389,,,61,3.2,4.8,3.3,43,5.1,100,0,1,1,"[""milk""]",TRUE
192264,RUHI FISH 1/KG,192264,192264,,RUHI FISH 1/KG,KG,SEAFOOD,,13,,,120,20,0,4,60,0,75,25,1,0.75,"[""fish""]",TRUE
267650,MAWASIM/GOLDEN LT MEAT TUNA 48/160G,267650,267650,,MAWASIM/GOLDEN LT MEAT TUNA 48/160G,EA,SEAFOOD,,2.666786,0.16,kg,132,28,0,1,247,0,100,0,1,1,"[""fish""]",TRUE
275412,TAFGA KFS TALAPIA CLEAN 1/KG,275412,275412,,TAFGA KFS TALAPIA CLEAN 1/KG,KG,SEAFOOD,,9.050709,,,120,20,0,4,90,0,75,25,1,0.75,"[""fish""]",TRUE
306998,RUHI FISH 1/2.5KG,306998,306998,,RUHI FISH 1/2.5KG,KG,SEAFOOD,,15,2.5,kg,120,20,0,4,60,0,75,25,1,0.75,"[""fish""]",TRUE
SF000030,FRESH HAMOUR FISH 1/1 KG,SF000030,SF000030,,FRESH HAMOUR FISH 1/1 KG,KG,SEAFOOD,,45,1,kg,120,20,0,4,60,0,75,25,1,0.75,"[""fish""]",TRUE
