site,warehouse,item_code,ingredient_name,quantity,unit,unit_cost,reorder_level,status,item_group,amount
KBR,KBR-384,182376,A-TAFGA ORIENT GARDEN BAKING SODA 12/12Z,23,EA,9.022948,0,in_stock,BAKERY,207.5278
KBR,KBR-384,230797,A-TAFGA SB PUFF PASTRY SQUARE 18/400G,25,EA,6.450004,0,in_stock,BAKERY,161.2501
KBR,KBR-384,272674,FONTE BREAD CRUMBS 1/500G,10,EA,4.5,0,in_stock,BAKERY,45
KBR,KBR-384,BK000001,SLICED BREAD WHITE,36,PAK,2.7,0,in_stock,BAKERY,97.2
KBR,KBR-384,BK000002,SLICED BREAD BROWN,12,PAK,3.25,0,in_stock,BAKERY,39
KBR,KBR-384,224894,(TAFGA) NOVA WATER 24/0.55-0.6LTR,96,EA,0.641667,0,in_stock,BEVERAGES,61.6
KBR,KBR-384,224895,TAFGA NOVA WATER 40/0.33LTR,1680,EA,0.403018,0,in_stock,BEVERAGES,677.0697
KBR,KBR-384,345557,BERAIN MINERAL WATER 2/12LTR,38,EA,5,0,in_stock,BEVERAGES,190
KBR,KBR-384,379401,TFG AL RABIE APPLE JUCIE 8/1LTR,11,EA,4.365,0,in_stock,BEVERAGES,48.015
KBR,KBR-384,379403,TFG AL RABIE FRT C/TAIL JUCIE 8/1LTR,8,EA,5.875338,0,in_stock,BEVERAGES,47.0027
KBR,KBR-384,379404,TFG AL RABIE MANGO JUCIE 8/1LTR,24,EA,5.867925,0,in_stock,BEVERAGES,140.8302
KBR,KBR-384,379405,TFG AL RABIE ORANGE JUCIE 8/1LTR,12,EA,4.6075,0,in_stock,BEVERAGES,55.29
KBR,KBR-384,BR000097,BERAIN WATER BOTTLE 40/330ML,9160,EA,0.225,0,in_stock,BEVERAGES,2061.0001
KBR,KBR-384,BR000106,COCA COLA CAN 30/250ML,300,EA,1.446333,0,in_stock,BEVERAGES,433.9
KBR,KBR-384,BR000107,COCA COLA LT CAN 30/250ML,180,EA,1.446333,0,in_stock,BEVERAGES,260.34
KBR,KBR-384,BR000109,SPRITE CAN 30/250ML,600,EA,1.446333,0,in_stock,BEVERAGES,867.8
KBR,KBR-384,BR000346,KINZA CITRUS 30/250ML,300,EA,1.043333,0,in_stock,BEVERAGES,313
KBR,KBR-384,BR000347,KINZA ORANGE 30/250ML,120,EA,1.043333,0,in_stock,BEVERAGES,125.2
KBR,KBR-384,BR000349,KINZA LEMON 30/250ML,120,EA,1.043333,0,in_stock,BEVERAGES,125.2
KBR,KBR-384,BR000351,KINZA COLA 30/250ML,600,EA,1.043333,0,in_stock,BEVERAGES,626
KBR,KBR-384,132787,(TAFGA) STEEL POLISH 12/400ML,23,EA,6.002509,0,in_stock,CHEMICAL,138.0577
KBR,KBR-384,133443,(TAFGA) LUX SOAP ASST 72/120G,486,EA,2.403944,0,in_stock,CHEMICAL,1168.3169
KBR,KBR-384,165437,CLOROX BLEA 6/1GALLON,145,EA,16.357474,0,in_stock,CHEMICAL,2371.8338
KBR,KBR-384,169246,DIXIE GLASS CLEANER 12/600ML,35,EA,2.913946,0,in_stock,CHEMICAL,101.9881
KBR,KBR-384,189387,COTTAGE ROSE  AIR FRESHNER 12/300ML,30,EA,3.601207,0,in_stock,CHEMICAL,108.0362
KBR,KBR-384,200361,(TAFGA) DOVE CREAM SOAP PINK 72/135G,384,EA,4.157622,0,in_stock,CHEMICAL,1596.527
KBR,KBR-384,218664,TFGA HAND SOAP LIQ LEMON 4/5LTR,58,EA,18.746022,0,in_stock,CHEMICAL,1087.2693
KBR,KBR-384,254320,TAFGA ARIEL DETERGENTS HS MB 4/3KG,50,EA,24.952102,0,in_stock,CHEMICAL,1247.6051
KBR,KBR-384,267425,TAFGA PIF PAF INSECT KILLER 12/300ML,12,EA,5.675633,0,in_stock,CHEMICAL,68.1076
KBR,KBR-384,270297,TAFGA FLASH PLUS BOWL CLEANER 12/1000ML,134,EA,3.166663,0,in_stock,CHEMICAL,424.3328
KBR,KBR-384,279994,TFGA WHITE DETERGENT POWDER 1/25KG,22,EA,72.010973,0,in_stock,CHEMICAL,1584.2414
KBR,KBR-384,330261,GENTO DISINFECTANT FLOWER 6/3LTR,55,EA,12.166664,0,in_stock,CHEMICAL,669.1665
KBR,KBR-384,332791,TAFGA CHLORINE TABLETS 6/200CT,1,PAK,120,0,in_stock,CHEMICAL,120
KBR,KBR-384,343925,TAFGA DOVE SOAP 72/75G,120,EA,2.975459,0,in_stock,CHEMICAL,357.0551
KBR,KBR-384,387037,FAIRY LEMON 12/900ML,203,EA,11.416669,0,in_stock,CHEMICAL,2317.5838
KBR,KBR-384,CH000436,CHROLINE STRIPS 1/2CT,2,EA,50,0,in_stock,CHEMICAL,100
KBR,KBR-384,118807,NADA UHT MILK FF 18/200ML,1230,EA,1.25,0,in_stock,DAIRY,1537.5
KBR,KBR-384,153758,A-TAFGA BONNY MILK EVAP 96/170G,244,EA,2.186782,0,in_stock,DAIRY,533.5749
KBR,KBR-384,164604,TAFGA MARGARINE 1/5/2KG,52,PAK,23.75001,0,in_stock,DAIRY,1235.0005
KBR,KBR-384,171301,TAFGA SLICED CHEESE 9/800G,19,EA,17.648205,0,in_stock,DAIRY,335.3159
KBR,KBR-384,342384,TAFGA MARAI COOKING CREAM 12/1LTR,16,EA,19.7,0,in_stock,DAIRY,315.2
KBR,KBR-384,DR000005,AL MARAI UHT MILF FF 12/1LTR,320,EA,3.410001,0,in_stock,DAIRY,1091.2002
KBR,KBR-384,DR000039,AL MARAI BUTTER UNSALT 4/100/10G,88,PAK,36.153056,0,in_stock,DAIRY,3181.4689
KBR,KBR-384,DR000284,ALMARAI LABNEH FF 1/2.75KG,3,EA,66,0,in_stock,DAIRY,198
KBR,KBR-384,DR000390,AL MARAI MOZZARELLA CHEESE 6/900GM,7,EA,35.57,0,in_stock,DAIRY,248.99
KBR,KBR-384,100782,TAFGA MAKATI SOY SAUCE 12/750ML,119,EA,8.225,0,in_stock,GROCERY,978.775
KBR,KBR-384,102426,TAFGA MAGGI CUBES CHICKEN 24/24/20G,192,EA,0.814965,0,in_stock,GROCERY,156.4732
KBR,KBR-384,103023,TAFGA LUNA TOMATO PASTE 24/400G,121,EA,3.791674,0,in_stock,GROCERY,458.7925
KBR,KBR-384,110196,A-(TAFGA) AFFCO OYSTER SAUCE 12/600ML,152,EA,10.916666,0,in_stock,GROCERY,1659.3332
KBR,KBR-384,111278,TFG RIYADH/HAIEL WHITE OATS 24/400G,316,EA,3.480606,0,in_stock,GROCERY,1099.8714
KBR,KBR-384,132822,A-TAFGA SHIFA HONEY 12/500G,11,EA,19.494518,0,in_stock,GROCERY,214.4397
KBR,KBR-384,132827,CAFE EXTRA MILD 12/200G,146,EA,14.574514,0,in_stock,GROCERY,2127.8791
KBR,KBR-384,132875,TFGA CUSTARD POWDER 24/450G,44,EA,7.275509,0,in_stock,GROCERY,320.1224
KBR,KBR-384,132925,GARLIC CUPS DISP WATNIA 20/100CT,68,PAK,3.383235,0,in_stock,GROCERY,230.06
KBR,KBR-384,133054,ELKEIF THAI CHILLI WHOLE 1/5KG,5,KG,25,0,in_stock,GROCERY,125
KBR,KBR-384,133106,BASHAYER PAK VERMICELLI 48/150G,497,EA,0.880132,0,in_stock,GROCERY,437.4254
KBR,KBR-384,133501,A-GLORIA SAN HOT SAUCE 36/3Z,227,EA,0.919458,0,in_stock,GROCERY,208.717
KBR,KBR-384,138855,A-FOOM WHEAT FLOUR 1/45KG,405,KG,0.788889,0,in_stock,GROCERY,319.5
KBR,KBR-384,139364,A-TAFGA MELLOW URID DAL 1/15KG,435,KG,6.798457,0,in_stock,GROCERY,2957.329
KBR,KBR-384,139554,A-AL AMC CORN STARCH 1/25KG,75,KG,2.5996,0,in_stock,GROCERY,194.97
KBR,KBR-384,139779,A-TFG TOMEX BELGIUM VEG BROCOLLI 4/2.5KG,12,EA,23.090125,0,in_stock,GROCERY,277.0815
KBR,KBR-384,139791,A-GEKO FRENCH FRIES SIZE 9X9 4/2.5KG,40,EA,11.859375,0,in_stock,GROCERY,474.375
KBR,KBR-384,139837,TFG BOREAL/TOMEX BELGIUM SPINACH 4/2.5KG,7,PAK,13.500014,0,in_stock,GROCERY,94.5001
KBR,KBR-384,139845,A-TFG FRESHLY FRUIT C/TAIL 6/2.5KG,7,EA,28.202643,0,in_stock,GROCERY,197.4185
KBR,KBR-384,139860,A-ADELCO BURGHUL (FINE)1/15KG,10,KG,3.6,0,in_stock,GROCERY,36
KBR,KBR-384,139862,OBA SEMOLINA 1/15KG,75,KG,4,0,in_stock,GROCERY,300
KBR,KBR-384,139868,AAA WHITE THAI RICE  1/40KG,1840,KG,2.999164,0,in_stock,GROCERY,5518.4612
KBR,KBR-384,140068,A-88 RED KIDNEY BEANS 1/15KG,285,KG,8.633822,0,in_stock,GROCERY,2460.6392
KBR,KBR-384,142007,A-MELLOW PULSE RED LENTIL 1/15KG,345,KG,4.399432,0,in_stock,GROCERY,1517.8039
KBR,KBR-384,145008,A-TAFGA REHAN JELLY S/BERRY 4/3KG,2,EA,25,0,in_stock,GROCERY,50
KBR,KBR-384,147040,TFG NIAZ BAY LEAVES 1/1KG,3,CS,15.260333,0,in_stock,GROCERY,45.781
KBR,KBR-384,147042,AL NASEEL TAFGA P/P WALNUT 1/1KG,1,CS,40.5726,0,in_stock,GROCERY,40.5726
KBR,KBR-384,147047,TFG NIAZ LEMON DRY 1/1KG,6,CS,14.7425,0,in_stock,GROCERY,88.455
KBR,KBR-384,153319,MAWASIM SARDINES TOM/SCE 100/155G,457,EA,2.280014,0,in_stock,GROCERY,1041.9665
KBR,KBR-384,154783,TAFGA SB FRENCH FRIES 4/2.5KG,6,EA,13.56375,0,in_stock,GROCERY,81.3825
KBR,KBR-384,155583,A-TAFGA ADELCO HAREES TURKEY 1/10KG,40,KG,4.310558,0,in_stock,GROCERY,172.4223
KBR,KBR-384,161290,A-TFGA AFFCO TOMATO KETCHUP 4/5KG,19,EA,23.918847,0,in_stock,GROCERY,454.4581
KBR,KBR-384,166780,TAFGA REHAN SALT IODIZED 24/700G,12,EA,0.79,0,in_stock,GROCERY,9.48
KBR,KBR-384,174476,AFCO COCONUT MILK POWDER 12/300G,72,EA,9.580833,0,in_stock,GROCERY,689.82
KBR,KBR-384,176065,AL OSRA SUGAR FINE 10/2KG,18,EA,7.235844,0,in_stock,GROCERY,130.2452
KBR,KBR-384,179312,(TAFGA) MAWASIM KETCHUP 24/340G,259,EA,2.275539,0,in_stock,GROCERY,589.3646
KBR,KBR-384,179550,A-AFFCO RICE STK (P/BIHON) 30/227G-212012,124,EA,4.100905,0,in_stock,GROCERY,508.5122
KBR,KBR-384,180576,TAFGA CAMEL PICKLE MIXED 12/400G,112,EA,5.333775,0,in_stock,GROCERY,597.3828
KBR,KBR-384,180808,A-TAFGA MELLOW DAL MOONG WHL 1/15KG,90,KG,5.866667,0,in_stock,GROCERY,528
KBR,KBR-384,185208,TAFGA OLIVE OIL 12/500ML,12,EA,11.67905,0,in_stock,GROCERY,140.1486
KBR,KBR-384,185539,COCONUT MILK POWDER  12/300G,38,EA,13.877866,0,in_stock,GROCERY,527.3589
KBR,KBR-384,185818,A-TFG FRESHLY BASIL LEAVES U.S  6/5Z,7,EA,22.438929,0,in_stock,GROCERY,157.0725
KBR,KBR-384,185836,A-TAFGA FRESHLY PEPPER BLACK PWDR 6/16Z,36,EA,53.26765,0,in_stock,GROCERY,1917.6354
KBR,KBR-384,185837,A-TAFGA FRESHLY WHT PEPPER PDWR 6/16Z,16,EA,70.552275,0,in_stock,GROCERY,1128.8364
KBR,KBR-384,187167,TAFGA HOMMOS TAHINA 24/380G,85,EA,2.208331,0,in_stock,GROCERY,187.7081
KBR,KBR-384,188559,A-FOOM WHITE FLOUR 1/45KG,630,KG,0.611111,0,in_stock,GROCERY,385.0002
KBR,KBR-384,190082,A-ALMANAKIL SUMAC NO.1 1/KG,4,KG,9.2,0,in_stock,GROCERY,36.8
KBR,KBR-384,191262,A-TFGA LUNA FOUL MEDAMAS 24/400G,187,EA,1.960765,0,in_stock,GROCERY,366.663
KBR,KBR-384,191743,WADI HONEY 12/375-385G,265,EA,6.997343,0,in_stock,GROCERY,1854.2958
KBR,KBR-384,191744,TAFGA SPANISH BLACK OLIVES WHOLE 12/370G,80,EA,5.666736,0,in_stock,GROCERY,453.3389
KBR,KBR-384,191892,TAFGA LUNA RED KIDNEY BEANS 24/400G,68,EA,3.5,0,in_stock,GROCERY,238
KBR,KBR-384,194074,A-TAFGA FRESHLY OREGANO/ZAATAR LEAVES,6,EA,18.344517,0,in_stock,GROCERY,110.0671
KBR,KBR-384,198273,TAFGA M.S.G. 20/400G,18,EA,1.300044,0,in_stock,GROCERY,23.4008
KBR,KBR-384,199838,A-(TAFGA) AFFCO SWEET CORN 6/3KG,32,PAK,15.52675,0,in_stock,GROCERY,496.856
KBR,KBR-384,199922,A-TAFGA AFFCO SWEET CHILLI SAUCE 12/700ML,5,EA,7.66664,0,in_stock,GROCERY,38.3332
KBR,KBR-384,201773,TAFGA CREAM CARAMEL 4/3KG,4,PAK,25.5,0,in_stock,GROCERY,102
KBR,KBR-384,204980,TAFGA LIQ TAHINA 12/1KG,9,EA,36.083344,0,in_stock,GROCERY,324.7501
KBR,KBR-384,213346,BAIDAR POMEGRANATE MOLASSES 12/700G,3,EA,14.583333,0,in_stock,GROCERY,43.75
KBR,KBR-384,218618,TAFGA GOODY WHOLE MUSHROOM 24/400G,143,EA,7.449229,0,in_stock,GROCERY,1065.2397
KBR,KBR-384,221871,TAFGA DALAL COOKING OIL-(SAUDI) 1/18LTR,75,EA,104.273976,0,in_stock,GROCERY,7820.5482
KBR,KBR-384,242795,ALMARAI BUTTER GHEE 6/1600G,14,EA,35.905964,0,in_stock,GROCERY,502.6835
KBR,KBR-384,255114,A-UJAJ ROCK COOKING SALT 1/50KG,450,KG,0.46,0,in_stock,GROCERY,207
KBR,KBR-384,262233,TAFGA NESCAFE CLASIC COFFEE 12/200G,24,EA,19.44125,0,in_stock,GROCERY,466.59
KBR,KBR-384,262241,A-TAFGA NESTLE COFFEEMATE COFE 15/400G,125,EA,8.759678,0,in_stock,GROCERY,1094.9597
KBR,KBR-384,262511,TAFGA GOODY MACARONI ELBOW #33 24/500G,178,EA,4.302311,0,in_stock,GROCERY,765.8113
KBR,KBR-384,265809,GOODY FETTUCCINI 24/450G,81,EA,12.6825,0,in_stock,GROCERY,1027.2825
KBR,KBR-384,266115,A-TFG MAMIA ROSE WATER 12/430ML,36,EA,1.750383,0,in_stock,GROCERY,63.0138
KBR,KBR-384,267491,TAFGA CH/GARDEN MIXED PICKLE 12/1KG,38,EA,9.916668,0,in_stock,GROCERY,376.8334
KBR,KBR-384,271485,TAFGA MAWASIM/BADAR TEA BAG 36/100CT,198,PAK,5.361117,0,in_stock,GROCERY,1061.5011
KBR,KBR-384,273104,A-AFFCO FISH SAUCE 12/700ML,37,EA,4.583349,0,in_stock,GROCERY,169.5839
KBR,KBR-384,275514,TAFGA GOODY VERMICELLI CUT 24/500G,33,EA,4.275836,0,in_stock,GROCERY,141.1026
KBR,KBR-384,275516,A-TAFGA GOODY P/NUT BTR CRMY 12/340G,89,EA,10.282537,0,in_stock,GROCERY,915.1458
KBR,KBR-384,275700,A-TFGA MEHRAN BIRIYANI POWDER 48/50G,295,EA,3.958379,0,in_stock,GROCERY,1167.7219
KBR,KBR-384,275962,TAFGA GOODY MAYONNAISE 12/32Z,42,EA,19.921474,0,in_stock,GROCERY,836.7019
KBR,KBR-384,276502,A-MEHRAN KAUSRI METHILEAVES 12/50G,77,EA,1.667962,0,in_stock,GROCERY,128.4331
KBR,KBR-384,279340,A-TFGA MEHRAN TIKKA MASALA 12/50G,52,EA,3.666671,0,in_stock,GROCERY,190.6669
KBR,KBR-384,279694,AL MARAI EXTRA VIRGIN OLIVE OIL 12/500ML,12,EA,27,0,in_stock,GROCERY,324
KBR,KBR-384,280423,A-TAFGA HB MIXED FRUITS JAM 12/400G,11,EA,8.73,0,in_stock,GROCERY,96.03
KBR,KBR-384,283518,TAFGA KELLOGS CORN FLAKES 8/1KG,33,EA,19.948627,0,in_stock,GROCERY,658.3047
KBR,KBR-384,285358,EASTERN KABSA SPICE MIX 24/200G,28,EA,11.63045,0,in_stock,GROCERY,325.6526
KBR,KBR-384,307316,TFGA ADELCO CHICK PEAS PWDR INDIA 1/15KG,105,KG,4.213724,0,in_stock,GROCERY,442.441
KBR,KBR-384,367022,MAWASIM VINEGAR WHITE 4/3.78LTR,20,EA,8.75045,0,in_stock,GROCERY,175.009
KBR,KBR-384,368547,AFIA SUNFLOWER OIL 4/2.9LTR,39,EA,32.999749,0,in_stock,GROCERY,1286.9902
KBR,KBR-384,369548,TAFGA TANG MANGO 6/2 KG,6,EA,39.09585,0,in_stock,GROCERY,234.5751
KBR,KBR-384,369549,TAFGA TANG ORANGE 6/2 KG,42,EA,39.13155,0,in_stock,GROCERY,1643.5251
KBR,KBR-384,372862,TAFGA NESCAFE RED MUG INST COFEE 6/200G,43,EA,31.955556,0,in_stock,GROCERY,1374.0889
KBR,KBR-384,374218,AFIA EXTRA VIRGIN OLIVE OIL 12/1LTR,31,EA,50.500348,0,in_stock,GROCERY,1565.5108
KBR,KBR-384,376366,ALMARAI MILK POWDER F/C 2KG+500G 6/2.5KG,35,EA,77.44,0,in_stock,GROCERY,2710.4
KBR,KBR-384,378292,A-TFG AL KABEER HASHBROWN POTATO 4/2.5KG,4,EA,28.75,0,in_stock,GROCERY,115
KBR,KBR-384,379941,TAJ MAHAL PUNJABI RICE 4/10KG,28,BAG,60.41065,0,in_stock,GROCERY,1691.4982
KBR,KBR-384,381884,A-TAFGA LIPTON TEA CATERING PACK 36/100CT,200,EA,8.89171,0,in_stock,GROCERY,1778.342
KBR,KBR-384,381887,A-TAFGA GOODY WHOLE PEELED TOMATO 6/#10,64,EA,17.902191,0,in_stock,GROCERY,1145.7402
KBR,KBR-384,385486,FRESHLY YELLOW MUSTARD PASTE 12/8OZ,216,EA,6.865116,0,in_stock,GROCERY,1482.8651
KBR,KBR-384,386163,A-MELOW INDIAN YELLOW SPLIT CHICK PEAS 1/15KG,570,KG,5.560805,0,in_stock,GROCERY,3169.6586
KBR,KBR-384,386761,GOODY PASTA #11 PENNE LISCE 24/500G,274,EA,4.277181,0,in_stock,GROCERY,1171.9475
KBR,KBR-384,386762,GOODY PASTA #20 SPAGHETTI  24/450,240,EA,4.313105,0,in_stock,GROCERY,1035.1452
KBR,KBR-384,391367,SHAMS SUNFLOWER OIL 2/9LTR,24,EA,65.00125,0,in_stock,GROCERY,1560.03
KBR,KBR-384,392483,NESCAFE CLASSIC COFFEE 12/190G,79,EA,25.3725,0,in_stock,GROCERY,2004.4275
KBR,KBR-384,401030,EASTERN GARLIC POWDER 24/200G,4,EA,9.96835,0,in_stock,GROCERY,39.8734
KBR,KBR-384,401170,A- TAFGA FRESHLY SMOKED PAPRIKA 6/16Z,4,EA,39.166675,0,in_stock,GROCERY,156.6667
KBR,KBR-384,401443,LIPTON GREEN TEA MINT 12/50/1.3G,6,PAK,16.91665,0,in_stock,GROCERY,101.4999
KBR,KBR-384,401444,LIPTON GREEN TEA LEMON 12/50/1.3G,24,PAK,16.916667,0,in_stock,GROCERY,406
KBR,KBR-384,402514,A- MAKATI CHINESE NOODLES 30/200G,146,EA,5.013421,0,in_stock,GROCERY,731.9594
KBR,KBR-384,404298,A-TAFGA SB OKRA ZERO 20/400G,166,EA,6.4,0,in_stock,GROCERY,1062.4
KBR,KBR-384,404314,A-5 DIAMOND RAISIN 1/10KG,62,KG,17.177469,0,in_stock,GROCERY,1065.0031
KBR,KBR-384,404321,A-MELLOW LENTIL BROWN WHOLE 1/15KG,180,KG,4.162565,0,in_stock,GROCERY,749.2617
KBR,KBR-384,404322,A-ADELCO COCONUT POWDR 1/7KG,1,EA,93.1168,0,in_stock,GROCERY,93.1168
KBR,KBR-384,404324,A- ALBAYAT SAUDI SUGAR 1/50KG,1150,KG,2.232922,0,in_stock,GROCERY,2567.8607
KBR,KBR-384,404330,A-TOMEX GREEN PEAS 4/2.5KG,108,EA,15.924119,0,in_stock,GROCERY,1719.8049
KBR,KBR-384,404331,A-TOMEX CUT GREEN BEAN 4/2.5KG,76,EA,15.157793,0,in_stock,GROCERY,1151.9923
KBR,KBR-384,404332,A-TOMEX VEG MIXED VEG 4/2.5KG,38,EA,14.38315,0,in_stock,GROCERY,546.5597
KBR,KBR-384,404344,A-NASEEL MUSTARD WHOLE 1/1KG,1,KG,8,0,in_stock,GROCERY,8
KBR,KBR-384,404349,A- SPIXA CASHEW NUTS 1/1KG,18,KG,41.154906,0,in_stock,GROCERY,740.7883
KBR,KBR-384,404350,A- SPIXA ALMONDS 1/1KG,12,KG,36.064,0,in_stock,GROCERY,432.768
KBR,KBR-384,404352,A- SPIXA WALNUT 1/1KG,12,KG,39,0,in_stock,GROCERY,468
KBR,KBR-384,404353,A- SPIXA PISTACHIO CLEAN 1/1KG,19,KG,89.748,0,in_stock,GROCERY,1705.212
KBR,KBR-384,404355,A- NASEEL WHITE SESAME SEEDS 1/1KG,2,KG,13.8,0,in_stock,GROCERY,27.6
KBR,KBR-384,404596,A-NASEEL LEMON SALT 1/1KG,2,KG,19,0,in_stock,GROCERY,38
KBR,KBR-384,404682,A-AL MANAKEL PAPRIKA SWEET JAR  6/1KG,6,KG,25.76,0,in_stock,GROCERY,154.56
KBR,KBR-384,404968,NIAZ CORIANDER WHOLE (L189) 1/1KG,17,KG,12.096647,0,in_stock,GROCERY,205.643
KBR,KBR-384,405128,FC FOOD COLOUR RED 6/12/28ML,8,PAK,33,0,in_stock,GROCERY,264
KBR,KBR-384,429366,TFG MOONATY LEMON JUICE 12/1LTR,83,EA,4.294039,0,in_stock,GROCERY,356.4052
KBR,KBR-384,430698,RASNA POWDERED DRINK MANGO 6/2KG,6,EA,26.66665,0,in_stock,GROCERY,159.9999
KBR,KBR-384,GR000041,SHAN CURRY POWDER 10/1KG,145,EA,19.002413,0,in_stock,GROCERY,2755.3499
KBR,KBR-384,GR000042,SHAN RED CHILLI POWDER 10/1KG,108,EA,19.002124,0,in_stock,GROCERY,2052.2294
KBR,KBR-384,GR000043,SHAN TURMERIC POWDER  10/1KG,117,EA,14.973308,0,in_stock,GROCERY,1751.877
KBR,KBR-384,GR000553,SHAN CORIANDER POWDER  10/1KG,129,KG,14.5,0,in_stock,GROCERY,1870.5
KBR,KBR-384,GR000554,SHAN CUMIN WHOLE  10/1KG,53,KG,22.25136,0,in_stock,GROCERY,1179.3221
KBR,KBR-384,GR000583,SHAN CUMIN POWDER 10/1KG,32,KG,29,0,in_stock,GROCERY,928
KBR,KBR-384,GR001017,SHAN BLACK PEPPER WHOLE 10/1KG,20,KG,36,0,in_stock,GROCERY,720
KBR,KBR-384,GR001018,MAA HALEEM MASALA 10/1KG,1,KG,33.5,0,in_stock,GROCERY,33.5
KBR,KBR-384,GR001426,NZMP WHOLE MILK POWDER 1/25KG,250,KG,23.534685,0,in_stock,GROCERY,5883.6712
KBR,KBR-384,GR001943,SHAN KORMA MASALA 10/1KG,71,KG,45.009149,0,in_stock,GROCERY,3195.6496
KBR,KBR-384,GR002099,MAA NIHARI MASALA  48/60G,46,EA,3.22917,0,in_stock,GROCERY,148.5418
KBR,KBR-384,GR002526,BLACK CARDAMON INDIA  1/1KG,0.2,KG,113,0,in_stock,GROCERY,22.6
KBR,KBR-384,GR002636,SHAN TANDOORI MASALA 1/1KG,2,KG,33.5,0,in_stock,GROCERY,67
KBR,KBR-384,GR003046,AMAL CHICK PEAS # 07 1/15KG,840,KG,4.294154,0,in_stock,GROCERY,3607.0894
KBR,KBR-384,GR003330,AKBRI PUNJABI BASMATI RICE 4/10KG,274,PAK,64.74359,0,in_stock,GROCERY,17739.7436
KBR,KBR-384,GR003477,NIAZ BLACK PEPPER WHOLE 1/1KG,6,KG,36,0,in_stock,GROCERY,216
KBR,KBR-384,GR003481,NIAZ CINNAMON STICK 1/1KG,11,KG,18.838455,0,in_stock,GROCERY,207.223
KBR,KBR-384,GR003482,NIAZ CLOVE WHOLE 1/1KG,9,KG,47,0,in_stock,GROCERY,423
KBR,KBR-384,GR003571,NIAZ CARDAMON 1/1KG,7,KG,147.5,0,in_stock,GROCERY,1032.5
KBR,KBR-384,GR003677,NIAZ BASMATI EXTRA LONG GRAIN XXL 1/40KG,2640,KG,6.45,0,in_stock,GROCERY,17028
KBR,KBR-384,GR003698,MAA CHAAT MASALA TUB 6/750G,4,EA,22.5,0,in_stock,GROCERY,90
KBR,KBR-384,GR003726,Falcon Indian Long Grain Parboiled Rice 1/40 KG,1360,KG,3.144444,0,in_stock,GROCERY,4276.4445
KBR,KBR-384,134212,MUTTON CARCAS AUST U-16 1/1KG,801.07,KG,29.5,0,in_stock,MEAT,23631.565
KBR,KBR-384,134213,MUTTON CARCASS UNDER 20 1/1KG,693.51,KG,27.6117,0,in_stock,MEAT,19148.99
KBR,KBR-384,141396,BEEF INDIAN B/LES FOREQUARTER FROZEN 1KG,394,KG,21.068218,0,in_stock,MEAT,8300.8777
KBR,KBR-384,307970,AL KABEER BEEF BURGER ONN BIG 8/1200G,42,EA,25,0,in_stock,MEAT,1050
KBR,KBR-384,MT000237,FROZ BEEF FEET 1/1KG(NATURA FRIG),40,KG,8.408785,0,in_stock,MEAT,336.3514
KBR,KBR-384,115918,A-TFG DAIM/ORINEX CUTRIT WAX PPR 24/75SQFT,12,EA,5.883342,0,in_stock,OPERSUPPLY,70.6001
KBR,KBR-384,116248,TAFGA GULF PLASTIC TRAY #3 20/50CT,36,PAK,6.480833,0,in_stock,OPERSUPPLY,233.31
KBR,KBR-384,116281,PLASCO ROUND PLATE #22 10/50CT,10,PAK,8.5,0,in_stock,OPERSUPPLY,85
KBR,KBR-384,132767,KITCHEN CLOTH TOWEL 1/12CT,72,EA,1.073821,0,in_stock,OPERSUPPLY,77.3151
KBR,KBR-384,132774,MOP HEAD 24Z 1/EA,2,EA,9.8,0,in_stock,OPERSUPPLY,19.6
KBR,KBR-384,132777,MOP HANDLE (METAL) 1/EA,10,EA,13.59077,0,in_stock,OPERSUPPLY,135.9077
KBR,KBR-384,132779,NIBCO HAND BRUSH (SOFT) 1/EA,3,EA,4.900533,0,in_stock,OPERSUPPLY,14.7016
KBR,KBR-384,132784,HARD BROOM W/STICK(18IN) 1/EA,4,EA,8.924425,0,in_stock,OPERSUPPLY,35.6977
KBR,KBR-384,132785,"HERO BLACK SOFTBROOM W/STK 16"" 1/EA",6,EA,11.76045,0,in_stock,OPERSUPPLY,70.5627
KBR,KBR-384,132791,GLOVE DISP 100/100CT,376,PAK,1.506823,0,in_stock,OPERSUPPLY,566.5655
KBR,KBR-384,132795,RUBBER WIPER 45CM 1/EA,8,EA,9.800075,0,in_stock,OPERSUPPLY,78.4006
KBR,KBR-384,132915,TAFGA RUBBER WIPER 75CM 1/EA,14,EA,16.66,0,in_stock,OPERSUPPLY,233.24
KBR,KBR-384,133204,TAFGA HYNAP NAPKIN 40/250CT,236,PAK,3.624637,0,in_stock,OPERSUPPLY,855.4144
KBR,KBR-384,133229,AFFCO ROUND TOOTHPICK 12/150'S,24,EA,0.416696,0,in_stock,OPERSUPPLY,10.0007
KBR,KBR-384,133283,TFGA TRASH BAG BLUE 10-GAL(3KG) 17/30CT,340,PAK,1.388235,0,in_stock,OPERSUPPLY,472
KBR,KBR-384,133442,WRAPPED TOOTHPICK 1/1000'S,2,CS,4.7267,0,in_stock,OPERSUPPLY,9.4534
KBR,KBR-384,139876,CAKE BOXES 30/30/12CM  /EA,52,EA,0.800031,0,in_stock,OPERSUPPLY,41.6016
KBR,KBR-384,140060,TAFGA FOAM LUNCH BOX LB3L 1/100'S,3,CS,24.193533,0,in_stock,OPERSUPPLY,72.5806
KBR,KBR-384,140074,ALUMINUM 3 COMP #800/45  1/600CT,8400,EA,0.33852,0,in_stock,OPERSUPPLY,2843.5715
KBR,KBR-384,140104,INDUSTRIAL WHITE P/TOWEL 80MTR 12/1ROL,732,EA,3.079985,0,in_stock,OPERSUPPLY,2254.5488
KBR,KBR-384,159935,SANDWICH PAPER 20/500CT,38,PAK,5.278153,0,in_stock,OPERSUPPLY,200.5698
KBR,KBR-384,164553,TFGA BAMBOO SKEWER 25CM ROSE 1/100CT,16,CS,1.784531,0,in_stock,OPERSUPPLY,28.5525
KBR,KBR-384,165042,KRAFT PAPER BAG #10 1/10KG,300,KG,7.863355,0,in_stock,OPERSUPPLY,2359.0065
KBR,KBR-384,165119,GENPACK CONE WATER CUP-US 25/200CT,31,PAK,6.8272,0,in_stock,OPERSUPPLY,211.6432
KBR,KBR-384,165121,STEEL WOOL HEAVY DUTY 1/48CT,209,EA,1.333334,0,in_stock,OPERSUPPLY,278.6668
KBR,KBR-384,169798,TAFGA RUBBER HAND GLOVES 10-10.5 12/EA,168,EA,2.08485,0,in_stock,OPERSUPPLY,350.2548
KBR,KBR-384,172309,AL HASA TRASH BAG #50 GAL 1/3KG,12,KG,43.622017,0,in_stock,OPERSUPPLY,523.4642
KBR,KBR-384,177650,TFG MAXI ROLL 300MTR 6/1ROLL,53,EA,5.635051,0,in_stock,OPERSUPPLY,298.6577
KBR,KBR-384,179369,TAFGA CHARCOAL LIGHTER FUEL 12/16Z,23,EA,11.953183,0,in_stock,OPERSUPPLY,274.9232
KBR,KBR-384,185024,NURSE'S CAP 10/100CT,56,EA,3.93685,0,in_stock,OPERSUPPLY,220.4636
KBR,KBR-384,185025,APRON DISP 10/100 CT,45,PAK,4.916249,0,in_stock,OPERSUPPLY,221.2312
KBR,KBR-384,185784,TAFGA GULF PLASTIC SPOONS 20/50PCS,1360,PAK,1.679051,0,in_stock,OPERSUPPLY,2283.5097
KBR,KBR-384,187421,TAFGA OVEN CLEANER 12/300ML,12,EA,18.333333,0,in_stock,OPERSUPPLY,220
KBR,KBR-384,188273,TAFGA SCOURING PAD MAOG 40/9CT,42,PAK,7.10215,0,in_stock,OPERSUPPLY,298.2903
KBR,KBR-384,191976,TAFGA ALUMINUM FOIL 6X45X.014MICX100MTR,74,EA,26.89628,0,in_stock,OPERSUPPLY,1990.3247
KBR,KBR-384,192337,MOP HEAD RED COLOR 16Z 1/EA,6,EA,9.802867,0,in_stock,OPERSUPPLY,58.8172
KBR,KBR-384,192338,MOP HEAD BLUE COLOR 16Z 1/EA,7,EA,9.800029,0,in_stock,OPERSUPPLY,68.6002
KBR,KBR-384,204787,TAFGA DUST PAN WITH BRUSH 1/EA,5,EA,4.9,0,in_stock,OPERSUPPLY,24.5
KBR,KBR-384,235499,AR # KLEENEX TT 500 SHTS-ARAMCO 8/12ROLL,23,PAK,22.00007,0,in_stock,OPERSUPPLY,506.0016
KBR,KBR-384,235591,TOILET BRUSH WITH STAND 1/EA,9,EA,4.66,0,in_stock,OPERSUPPLY,41.94
KBR,KBR-384,237694,TAFGA DUST PAN W/BRUSH LONG HNDL 1/EA,2,EA,9.8,0,in_stock,OPERSUPPLY,19.6
KBR,KBR-384,238216,FACE MASK EAR LOOP 3PLY GREN/BLUE 1/50CT,66,PAK,2.898558,0,in_stock,OPERSUPPLY,191.3048
KBR,KBR-384,240013,TAFGA PLEDGE F/POLISH NATURAL 12/300ML,26,EA,9.583335,0,in_stock,OPERSUPPLY,249.1667
KBR,KBR-384,242108,KLEENEX FT COMFORT TOUCH 36/70 -100CT,348,PAK,2.166968,0,in_stock,OPERSUPPLY,754.1048
KBR,KBR-384,248759,ORINX/JAMA VINYL GLV PWD FRE LR 10/100CT,47,PAK,5.655728,0,in_stock,OPERSUPPLY,265.8192
KBR,KBR-384,263304,TAFGA AL SHARQIA CHARCOAL 1/4KG,46,CS,20.012774,0,in_stock,OPERSUPPLY,920.5876
KBR,KBR-384,279433,TAFGA SUFRA MEDIUM 10/30CT,20,PAK,2.810585,0,in_stock,OPERSUPPLY,56.2117
KBR,KBR-384,280902,TAFGA CHAFFING FUEL ADJUST/WICK 1/24EA,234,EA,2.666667,0,in_stock,OPERSUPPLY,624
KBR,KBR-384,284926,TAFGA FABRIC SOFTNER 8/2LT,80,EA,10.255291,0,in_stock,OPERSUPPLY,820.4233
KBR,KBR-384,315827,ALUMINUM FOIL CONT. #1135.400/CT,31600,EA,0.35,0,in_stock,OPERSUPPLY,11060
KBR,KBR-384,360324,TAFGA VVIP CUTLRY  8PC CLEAR 1/400CT,590,EA,0.500365,0,in_stock,OPERSUPPLY,295.2153
KBR,KBR-384,388586,ALUMINUM 3 COMP LID 800/45 1/500CT,5000,EA,0.002,0,in_stock,OPERSUPPLY,10
KBR,KBR-384,391639,AR # KLEENEX UCTAD ROL TWEL #6272 1/6CT,46,EA,21.18325,0,in_stock,OPERSUPPLY,974.4295
KBR,KBR-384,395605,TEA SPOON SMALL 1/1000CT,4000,EA,0.03,0,in_stock,OPERSUPPLY,120
KBR,KBR-384,395608,A-TAFGA LOGO SHOPPING BAG BIODEGRADEABLE MED 1/20KG,180,KG,6.8,0,in_stock,OPERSUPPLY,1224
KBR,KBR-384,400188,TAFGA DOUBLE WALL CUP GOLDEN 9Z  1/500CT,500,EA,0.206,0,in_stock,OPERSUPPLY,103
KBR,KBR-384,400731,KOOZ HOT CUPS W/ HANDLE GOLD 1/1000CT,41000,EA,0.085229,0,in_stock,OPERSUPPLY,3494.3825
KBR,KBR-384,422720,TAFGA JASEER CLING FILM 45CM 6KG 6/1600M,30,EA,38.542073,0,in_stock,OPERSUPPLY,1156.2622
KBR,KBR-384,OP000050,PLASTIC FORK 20/50CT(CATER PACK),60,PAK,1.35,0,in_stock,OPERSUPPLY,81
KBR,KBR-384,OP000380,SANDWICH BAG # 6 1/10KG,100,KG,3.75,0,in_stock,OPERSUPPLY,375
KBR,KBR-384,OP001697,REGULAR CUTLRY SET 1/200CT,1190,EA,0.72,0,in_stock,OPERSUPPLY,856.8
KBR,KBR-384,OP001718,MICROWAVE CONTAINER W/LID BLACK 500ML 1/250CT,650,EA,0.4,0,in_stock,OPERSUPPLY,260
KBR,KBR-384,OP001719,ALUMINIUM CONTAINER ROUND 1/600CT,2800,EA,0.241667,0,in_stock,OPERSUPPLY,676.6664
KBR,KBR-384,OP001728,MICROWAVE CONTAINER RECTANGLE BLACK W/LID 1/150CT,650,EA,0.873333,0,in_stock,OPERSUPPLY,567.6666
KBR,KBR-384,OP001733,"DOILIES PAPER RECTANGLR 17.5X12.5""/470X317MM 30/35CT",118,PAK,5.179171,0,in_stock,OPERSUPPLY,611.1422
KBR,KBR-384,OP001877,SHOPPING BAG MEDIUM 1/20KG,420,KG,7.000052,0,in_stock,OPERSUPPLY,2940.022
KBR,KBR-384,OP002597,BLOOD BANK MEAL BOX 12X22X8CM 1/1EA,5000,EA,0.65,0,in_stock,OPERSUPPLY,3250
KBR,KBR-384,OP002722,TRASH BAG BLUE 10 GAL 1/3KG,24,EA,17,0,in_stock,OPERSUPPLY,408
KBR,KBR-384,OP002898,FOIL WARP HUMBURGER 1/2000CT,11500,EA,0.092,0,in_stock,OPERSUPPLY,1058
KBR,KBR-384,OP002971,AL HASA TRASH BAG 50 GAL 3KG 1/7PAK,98,PAK,12.000001,0,in_stock,OPERSUPPLY,1176.0001
KBR,KBR-384,OP003035,PLASTIC CONTENER WHITE 250 1/1000CT,50000,EA,0.118,0,in_stock,OPERSUPPLY,5900
KBR,KBR-384,OP003260,JASCO BRAND PLASTIC CONTAINER W/LID 250G 1/1000CT,6000,EA,0.069999,0,in_stock,OPERSUPPLY,419.9949
KBR,KBR-384,OP003629,JASCO BRAND PLASTIC CONTAINER 450G 1/1000CT,8000,EA,0.1,0,in_stock,OPERSUPPLY,800
KBR,KBR-384,OP003631,ALUMINIUM CONTAINERS 2 COMPARTMENT 1/500CT,3800,EA,0.46,0,in_stock,OPERSUPPLY,1748
KBR,KBR-384,OP003635,MICROWAVEABLE CONTAINERS ROUND 450ML BLACK 1/500CT,2300,EA,0.134,0,in_stock,OPERSUPPLY,308.2
KBR,KBR-384,132996,AFFCO LUNCHEON CHICKEN MEAT 24/200G,124,EA,5.088413,0,in_stock,POULTRY,630.9632
KBR,KBR-384,142110,SAEDCO FRESH EGGS MEDIUM 12/30 CT,489,PAK,12.989999,0,in_stock,POULTRY,6352.1094
KBR,KBR-384,179446,TAFGA CHICKEN WINGS 1/5KG,130,KG,6.5,0,in_stock,POULTRY,845
KBR,KBR-384,180259,TFG AMERICANA LOCAL CHICKEN BREAST1/10KG,250,KG,17.238869,0,in_stock,POULTRY,4309.7172
KBR,KBR-384,182833,A-TAFGA AMERICANA  CHICKEN FRANK 24/340G,207,EA,2.494906,0,in_stock,POULTRY,516.4456
KBR,KBR-384,189015,TAFGA LOCAL TANMIAH CHICKEN 10/900G,1135,EA,11.838,0,in_stock,POULTRY,13436.13
KBR,KBR-384,205101,TANMIAH FRESH CHICKEN 1/900G,16,EA,14,0,in_stock,POULTRY,224
KBR,KBR-384,307852,AL KABEER CHICKEN BURGER BIG 8/1200G,38,EA,28.75,0,in_stock,POULTRY,1092.5
KBR,KBR-384,357255,ADDOHA FRESH CHICKEN WHOLE IN BAG 1/900G,220,EA,13.4,0,in_stock,POULTRY,2948
KBR,KBR-384,PR000002,CABBAGE (LOCAL),17,KG,2.5,0,in_stock,PRODUCE,42.5
KBR,KBR-384,PR000005,TOMATO (ADY),100,KG,3,0,in_stock,PRODUCE,300
KBR,KBR-384,PR000009,GREEN PEPPER (LBN),7,KG,5,0,in_stock,PRODUCE,35
KBR,KBR-384,PR000010,CUCUMBER (ADY),80,KG,3,0,in_stock,PRODUCE,240
KBR,KBR-384,PR000012,EGGPANT (BIG),12,KG,2.5,0,in_stock,PRODUCE,30
KBR,KBR-384,PR000014,MARROW (BIG),40,KG,3,0,in_stock,PRODUCE,120
KBR,KBR-384,PR000016,GREEN CHILLI (INDIAN),14,KG,8,0,in_stock,PRODUCE,112
KBR,KBR-384,PR000018,GARLIC  (CHINA),22,KG,6,0,in_stock,PRODUCE,132
KBR,KBR-384,PR000019,GINGER (CHINA),24,KG,6,0,in_stock,PRODUCE,144
KBR,KBR-384,PR000020,DRY ONION (LOCAL),164,KG,4,0,in_stock,PRODUCE,656
KBR,KBR-384,PR000022,POTATO (LOCAL),174,KG,2.5,0,in_stock,PRODUCE,435
KBR,KBR-384,PR000024,YELLOW PUMPKUIN,5,KG,3,0,in_stock,PRODUCE,15
KBR,KBR-384,PR000026,CARROT (AUSTALIA/CHINA),34,KG,6,0,in_stock,PRODUCE,204
KBR,KBR-384,PR000027,LONG MARROW,60,KG,3,0,in_stock,PRODUCE,180
KBR,KBR-384,PR000030,BITTERGOURD (LOCAL),17,KG,7,0,in_stock,PRODUCE,119
KBR,KBR-384,PR000032,CAULIFLOWER (LOCAL),20,KG,3,0,in_stock,PRODUCE,60
KBR,KBR-384,PR000045,LETTUCE (LOCAL),14,KG,3,0,in_stock,PRODUCE,42
KBR,KBR-384,PR000048,OKRA (LOCAL),17,KG,8,0,in_stock,PRODUCE,136
KBR,KBR-384,PR000049,ONION (WHITE),17,KG,2.5,0,in_stock,PRODUCE,42.5
KBR,KBR-384,PR000059,GERGER (BDL),7,BDL,1.5,0,in_stock,PRODUCE,10.5
KBR,KBR-384,PR000060,MINT (BDL),14,BDL,1.5,0,in_stock,PRODUCE,21
KBR,KBR-384,PR000061,SPINACH (BDL),67,BDL,1.5,0,in_stock,PRODUCE,100.5
KBR,KBR-384,PR000062,CORIANDER LEAVES (BDL),67,BDL,1.5,0,in_stock,PRODUCE,100.5
KBR,KBR-384,PR000072,APPLE (GALA) (USA/ITALY),72,KG,7,0,in_stock,PRODUCE,504
KBR,KBR-384,PR000074,BANANA (ADY),130,KG,5,0,in_stock,PRODUCE,650
KBR,KBR-384,PR000076,MANGO,8,KG,10,0,in_stock,PRODUCE,80
KBR,KBR-384,PR000077,PEACHES,2,KG,10,0,in_stock,PRODUCE,20
KBR,KBR-384,PR000078,KIWI FRUIT,7,KG,12,0,in_stock,PRODUCE,84
KBR,KBR-384,PR000083,RED PLUMS,2,KG,10,0,in_stock,PRODUCE,20
KBR,KBR-384,PR000084,WATERMELONS,14,KG,2.5,0,in_stock,PRODUCE,35
KBR,KBR-384,PR000090,LEMON (AFRICAN/TURKEY),22,KG,6,0,in_stock,PRODUCE,132
KBR,KBR-384,PR000092,ORANGE (AFRICAN/EGYPT) NAVEL (CLASS A),96,KG,4,0,in_stock,PRODUCE,384
KBR,KBR-384,PR000093,MANDRINE MOROCCO,7,KG,7,0,in_stock,PRODUCE,49
KBR,KBR-384,PR000097,GUAVA,2,KG,8,0,in_stock,PRODUCE,16
KBR,KBR-384,PR000105,RED PEPPER,3,KG,15,0,in_stock,PRODUCE,45
KBR,KBR-384,PR000106,YELLOW PEPPER,3,KG,15,0,in_stock,PRODUCE,45
KBR,KBR-384,134884,TAFGA INDIAN MACKEREL FISH ORIGINAL 1/KG,30,KG,6.500263,0,in_stock,SEAFOOD,195.0079
KBR,KBR-384,144669,TAFGA WHITE / HAMOUR FISH FILLET  1/1KG,450,KG,10.450217,0,in_stock,SEAFOOD,4702.5976
KBR,KBR-384,163290,FISH MILK FISH 500/800 /KG,140,KG,15.410389,0,in_stock,SEAFOOD,2157.4545
KBR,KBR-384,192264,RUHI FISH 1/KG,180,KG,13,0,in_stock,SEAFOOD,2340
KBR,KBR-384,267650,MAWASIM/GOLDEN LT MEAT TUNA 48/160G,590,EA,2.666786,0,in_stock,SEAFOOD,1573.4039
KBR,KBR-384,275412,TAFGA KFS TALAPIA CLEAN 1/KG,190,KG,9.050709,0,in_stock,SEAFOOD,1719.6348
KBR,KBR-384,306998,RUHI FISH 1/2.5KG,300,KG,15,0,in_stock,SEAFOOD,4500
